"42crunch-security-audit","257"
"AdaptivePlugin","37"
"AnchorChain","700"
"AntepediaReporter-CI-plugin","2"
"ApicaLoadtest","16"
"BlameSubversion","381"
"BlazeMeterJenkinsPlugin","293"
"CFLint","8"
"ColumnPack-plugin","5"
"ColumnsPlugin","53"
"CustomHistory","131"
"DotCi","114"
"DotCi-DockerPublish","61"
"DotCi-Fig-template","5"
"DotCi-InstallPackages","13"
"DotCiInstallPackages","1"
"Exclusion","871"
"GatekeeperPlugin","8"
"HiddenParameter","9"
"JDK_Parameter_Plugin","5054"
"JiraTestResultReporter","1465"
"Matrix-sorter-plugin","366"
"NegotiateSSO","275"
"Office-365-Connector","19399"
"Parameterized-Remote-Trigger","14736"
"PrioritySorter","4612"
"SBuild","11"
"SCTMExecutor","28"
"SSSCM","81"
"StashBranchParameter","397"
"Surround-SCM-plugin","76"
"TestComplete","1132"
"TestFairy","80"
"TestResultsAnalyzer","1"
"TwilioNotifier","55"
"URLSCM","580"
"abap-ci","33"
"absint-a3","12"
"absint-astree","16"
"accelerated-build-now-plugin","366"
"accelq-ci-connect","32"
"accurev","150"
"ace-editor","132090"
"active-directory","31722"
"acunetix","162"
"acunetix-360-scan","88"
"adaptive-disconnector","30"
"add-changes-to-build-changelog","126"
"additional-identities-plugin","191"
"additional-metrics","620"
"adobe-cloud-manager","62"
"adoptopenjdk","4004"
"advanced-installer-msi-builder","215"
"agent-loadbalance","73"
"agent-maintenance","82"
"agent-server-parameter","166"
"aio-tests","84"
"alauda-devops-credentials-provider","34"
"alauda-devops-pipeline","13"
"alauda-devops-sync","2"
"alauda-kubernetes-support","68"
"alauda-pipeline","26"
"alibabacloud-credentials","137"
"alibabacloud-ecs","67"
"alibabacloud-edas","15"
"alibabacloud-pkg-deployment","9"
"aliyun-oss-uploader","725"
"all-changes","1570"
"allure-jenkins-plugin","17059"
"amazon-ecr","8981"
"amazon-ecs","4139"
"amazon-inspector-image-scanner","47"
"amqp-build-trigger","6"
"analysis-collector","1900"
"analysis-core","9418"
"analysis-model-api","23810"
"anchore-container-scanner","1218"
"android-apk-size-watcher","102"
"android-emulator","2070"
"android-lint","690"
"android-signing","931"
"anka-build","60"
"ansible","19891"
"ansible-tower","2986"
"ansicolor","49618"
"ant","231932"
"ant-in-workspace","817"
"antexec","777"
"antisamy-markup-formatter","264726"
"any-buildstep","1805"
"anything-goes-formatter","1175"
"apache-httpcomponents-client-4-api","273610"
"apache-httpcomponents-client-5-api","41538"
"apifortress","12"
"apimap","3"
"app-detector","35"
"appaloosa-plugin","107"
"appcenter","938"
"appdome-build-2secure","9"
"appdome-validate-2secure","3"
"appdynamics-dashboard","291"
"appetize","57"
"appio","27"
"application-director-plugin","5"
"applitools-eyes","86"
"appray","1"
"apprenda","1"
"appscan","356"
"appthwack","4"
"aqua-microscanner","174"
"aqua-security-scanner","618"
"aqua-serverless","33"
"arachni-scanner","40"
"archived-artifact-url-viewer","404"
"arestocats","5"
"argus-notifier","14"
"aribot","1"
"artifact-diff-plugin","271"
"artifact-manager-s3","2271"
"artifact-promotion","1548"
"artifact-repository-parameter","173"
"artifactdeployer","3721"
"artifactory","21526"
"artifactory-artifact-manager","162"
"artifactory-client-api","85"
"artifactz","13"
"asakusa-satellite-plugin","3"
"ascentialtest-cmd-line","2"
"asm-api","105169"
"assembla","31"
"assembla-auth","49"
"assembla-merge-request-builder","74"
"assertthat-bdd-jira","73"
"associated-files","61"
"async-http-client","3910"
"async-job","51"
"atlassian-bitbucket-server-integration","7813"
"atlassian-jira-software-cloud","3751"
"attention","26"
"audit-log","708"
"audit-trail","9589"
"audit2db","257"
"authentication-tokens","154956"
"authorize-project","24592"
"autify","3"
"autoaction-step","142"
"autocancel","103"
"autocomplete-parameter","124"
"autograding","212"
"autonomiq","7"
"avatar","205"
"aws-batch","116"
"aws-beanstalk-publisher-plugin","444"
"aws-beanstalk-releaser","52"
"aws-bucket-credentials","1647"
"aws-cloudwatch-logs-publisher","188"
"aws-codebuild","1577"
"aws-codecommit-jobs","592"
"aws-codecommit-trigger","422"
"aws-codepipeline","1426"
"aws-credentials","36488"
"aws-device-farm","516"
"aws-global-configuration","3590"
"aws-java-sdk","27656"
"aws-java-sdk-api-gateway","9884"
"aws-java-sdk-autoscaling","8289"
"aws-java-sdk-cloudformation","23986"
"aws-java-sdk-cloudfront","9884"
"aws-java-sdk-codebuild","22533"
"aws-java-sdk-codedeploy","9884"
"aws-java-sdk-core","183"
"aws-java-sdk-ec2","34789"
"aws-java-sdk-ecr","26117"
"aws-java-sdk-ecs","22951"
"aws-java-sdk-efs","19944"
"aws-java-sdk-elasticbeanstalk","24017"
"aws-java-sdk-elasticloadbalancingv2","9884"
"aws-java-sdk-iam","24046"
"aws-java-sdk-jmespath","178"
"aws-java-sdk-kinesis","16213"
"aws-java-sdk-kms","173"
"aws-java-sdk-lambda","9888"
"aws-java-sdk-logs","22527"
"aws-java-sdk-minimal","35925"
"aws-java-sdk-organizations","9888"
"aws-java-sdk-s3","167"
"aws-java-sdk-secretsmanager","15115"
"aws-java-sdk-sns","21665"
"aws-java-sdk-sqs","21695"
"aws-java-sdk-ssm","22542"
"aws-java-sdk-sts","159"
"aws-kinesis-consumer","1"
"aws-lambda","2043"
"aws-lambda-cloud","292"
"aws-lambda-jenkins-plugin","1"
"aws-parameter-store","1406"
"aws-sam","337"
"aws-secrets-manager-credentials-provider","3555"
"aws-secrets-manager-secret-source","1311"
"aws-sqs","135"
"aws-sqs-trigger","243"
"aws-yum-parameter","118"
"awseb-deployment-plugin","1157"
"azure-acs","308"
"azure-ad","5002"
"azure-app-service","687"
"azure-artifact-manager","371"
"azure-batch-parallel","78"
"azure-cli","1504"
"azure-commons","5223"
"azure-container-agents","525"
"azure-container-registry-tasks","403"
"azure-cosmosdb","29"
"azure-credentials","5962"
"azure-credentials-ext","444"
"azure-dev-spaces","43"
"azure-event-grid-notifier","33"
"azure-function","322"
"azure-iot-edge","20"
"azure-keyvault","1497"
"azure-kubernetes-credentials","91"
"azure-publishersettings-credentials","128"
"azure-sdk","9353"
"azure-slave-plugin","20"
"azure-vm-agents","1445"
"azure-vmss","167"
"backlog","316"
"backup","5503"
"backup-interrupt-plugin","493"
"badge","21323"
"basic-branch-build-strategies","11616"
"batch-task","870"
"bazaar","50"
"bds-plugin","82"
"beagle-security","5"
"beaker-builder","12"
"bearychat","52"
"beer","111"
"behave-testresults-publisher","128"
"benchmark","98"
"benchmark-evaluator","50"
"bevigil-ci","2"
"bigpanda-jenkins","14"
"binary-deployer","6"
"bitbucket","22895"
"bitbucket-approval-filter","465"
"bitbucket-approve","951"
"bitbucket-build-status-notifier","4642"
"bitbucket-filter-project-trait","878"
"bitbucket-kubernetes-credentials","398"
"bitbucket-oauth","3117"
"bitbucket-pullrequest-builder","3589"
"bitbucket-pullrequests-filter","528"
"bitbucket-push-and-pull-request","4984"
"bitbucket-scm-filter-aged-refs","516"
"bitbucket-scm-filter-jira-validator","484"
"bitbucket-scm-trait-commit-skip","1233"
"bitkeeper","16"
"blackduck-detect","2686"
"blackduck-hub","132"
"blackduck-installer","12"
"blink1","14"
"blitz_io-jenkins","2"
"block-build-final-project","202"
"block-queued-job","923"
"block-same-builds","207"
"blueocean","60832"
"blueocean-analytics-tools","23"
"blueocean-autofavorite","43512"
"blueocean-bitbucket-pipeline","63376"
"blueocean-commons","73926"
"blueocean-config","63812"
"blueocean-core-js","71110"
"blueocean-dashboard","65773"
"blueocean-display-url","64012"
"blueocean-events","62921"
"blueocean-executor-info","3353"
"blueocean-git-pipeline","65921"
"blueocean-github-pipeline","65065"
"blueocean-i18n","64160"
"blueocean-jira","28200"
"blueocean-jwt","70507"
"blueocean-personalization","63939"
"blueocean-pipeline-api-impl","68718"
"blueocean-pipeline-editor","63411"
"blueocean-pipeline-scm-api","70371"
"blueocean-rest","73554"
"blueocean-rest-impl","69489"
"blueocean-web","70867"
"bmc-cfa","6"
"bmc-change-manager-imstm","2"
"bmc-rpd","35"
"boot-clj","8"
"bootstrap","302"
"bootstrap4-api","77296"
"bootstrap5-api","235831"
"bootstraped-multi-test-results-report","837"
"bouncycastle-api","276418"
"brakeman","90"
"branch-api","263748"
"breachlock-dast","9"
"browser-axis-plugin","44"
"browserstack-integration","3249"
"btc-embeddedplatform","94"
"buckminster","75"
"buddycloud","1"
"bugzilla","112"
"build-alias-setter","283"
"build-blocker-plugin","13741"
"build-cause-run-condition","1179"
"build-configurator","4"
"build-discarder","2032"
"build-env-propagator","514"
"build-environment","5146"
"build-executors-filter-offline","9"
"build-failure-analyzer","6413"
"build-flow-extensions-plugin","109"
"build-flow-plugin","1273"
"build-flow-test-aggregator","88"
"build-flow-toolbox-plugin","88"
"build-health-cache-updater","11"
"build-history-manager","946"
"build-history-metrics-plugin","1711"
"build-keeper-plugin","1472"
"build-line","76"
"build-metrics","2173"
"build-monitor-plugin","14275"
"build-name-setter","31956"
"build-node-column","52"
"build-notifications","1802"
"build-pipeline-plugin","20538"
"build-publisher","669"
"build-requester","2"
"build-steps-from-json","397"
"build-symlink","784"
"build-time-blame","1069"
"build-timeout","226877"
"build-timestamp","15104"
"build-token-root","10606"
"build-token-trigger","2563"
"build-user-vars-plugin","36486"
"build-view-column","724"
"build-with-parameters","13645"
"buildcoin-plugin","8"
"buildcontext-capture","128"
"buildgraph-view","1609"
"buildresult-trigger","1973"
"buildrotator","223"
"buildtriggerbadge","3598"
"built-on-column","21161"
"bulk-builder","935"
"bumblebee","52"
"byte-buddy-api","1124"
"byteguard-build-actions","1"
"ca-apm","20"
"ca-mat-performance-benchmarking-by-broadcom","6"
"ca-service-virtualization","88"
"cachet-gating","3"
"caffeine-api","245054"
"calendar-view","2013"
"caliper-ci","5"
"call-remote-job-plugin","540"
"campfire","3"
"capitomcat","204"
"carbonetes-serverless-container-scanning-and-policy-compliance","6"
"carl","2"
"cas-plugin","856"
"cas1","6"
"casdoor-auth","18"
"catalogic-ecx","4"
"categorized-view","4483"
"catlight","37"
"cavisson-ns-nd-integration","19"
"cccc","264"
"ccm","612"
"cctray-xml","399"
"cdevents","5"
"cerberus-testing","12"
"change-assembly-version-plugin","1209"
"changelog-history","1096"
"changes-since-last-success","1509"
"chaos-butler","12"
"chaos-monkey","3"
"chartjs-api","82"
"chatter-notifier","133"
"chatwork","270"
"checkmarx","4271"
"checkmarx-ast-scanner","486"
"checks-api","245895"
"checkstyle","3798"
"chef","92"
"chef-cookbook-pipeline","54"
"chef-identity","263"
"chef-tracking","56"
"chosen","112"
"chosen-views-tabbar","105"
"chrome-frame-plugin","69"
"chromedriver","2289"
"chroot","140"
"chucknorris","2448"
"ci-game","314"
"ci-skip","89"
"ci-with-toad-devops-toolkit","35"
"ci-with-toad-edge","19"
"cifs","4"
"cisco-spark","73"
"cisco-spark-notifier","317"
"claim","4341"
"clamav","160"
"clang-scanbuild","387"
"clang-scanbuild-plugin","101"
"clearcase","1686"
"clearcase-release","40"
"clearcase-ucm-api","109"
"clearcase-ucm-baseline","59"
"clearcase-ucm-plugin","143"
"cli-commander","283"
"clif-performance-testing","26"
"clone-workspace-scm","2042"
"cloud-stats","35608"
"cloudbees-bitbucket-branch-source","73619"
"cloudbees-credentials","2630"
"cloudbees-deployer-plugin","5"
"cloudbees-devoptics-enabler","95"
"cloudbees-disk-usage-simple","12582"
"cloudbees-disk-usage-simple-plugin","9"
"cloudbees-enabler","140"
"cloudbees-enterprise-plugins","10"
"cloudbees-feature-management","40"
"cloudbees-folder","267861"
"cloudbees-jenkins-advisor","487"
"cloudbees-plugin-gateway","59"
"cloudbees-registration","1"
"cloudcoreo-deploytime","5"
"cloudevents","18"
"cloudfoundry","1063"
"cloudguard-shiftleft","6"
"cloudhub-deployer","8"
"cloudify","25"
"cloudshare-docker","129"
"cloudshell-sandbox","42"
"cloudtest","114"
"clover","2917"
"cloverphp","1047"
"cluster-stats","84"
"cmakebuilder","2389"
"cmvc","12"
"cobertura","20115"
"cocoapods-integration","432"
"code-coverage-api","22284"
"codebeamer-coverage-publisher","53"
"codebeamer-result-trend-updater","44"
"codebeamer-xunit-importer","91"
"codebeamer-xunit-uploader","80"
"codebuild-cloud","129"
"codebuilder-cloud","183"
"codeclimate-plugin","7"
"codecommit-url-helper","489"
"codecover","202"
"codedeploy","2306"
"codedx","63"
"codefresh","53"
"codeql","114"
"codescan","12"
"codescanner","48"
"codescene","33"
"codesonar","1731"
"codethreat-scanner","7"
"coding-webhook","80"
"collabnet","114"
"collabnet-automic-deploy","15"
"collabnet-uc4-deploy","11"
"collapsing-console-sections","672"
"command-launcher","213077"
"comments-remover","23"
"commit-message-trigger-plugin","174"
"commons-compress-api","2704"
"commons-httpclient3-api","18858"
"commons-lang-api","182"
"commons-lang3-api","206710"
"commons-text-api","201409"
"compact-columns","2036"
"compatibility-action-storage","198"
"composer-security-checker","93"
"compound-slaves","182"
"compress-artifacts","1424"
"compress-buildlog","1000"
"compressed_files_viewer","52"
"computer-queue-plugin","78"
"compuware-common-configuration","88"
"compuware-ispw-operations","28"
"compuware-scm-downloader","37"
"compuware-strobe-measurement","10"
"compuware-topaz-for-enterprise-data","7"
"compuware-topaz-for-total-test","36"
"compuware-topaz-utilities","45"
"compuware-xpediter-code-coverage","38"
"compuware-zadviser-api","9"
"concordionpresenter","43"
"concurrent-login-plugin","49"
"concurrent-step","426"
"conditional-buildstep","62953"
"config-autorefresh-plugin","741"
"config-driven-pipeline","225"
"config-file-provider","110621"
"config-rotator","17"
"configuration-as-code","39945"
"configuration-as-code-groovy","4581"
"configuration-as-code-secret-ssm","1225"
"configuration-as-code-support","420"
"configurationslicing","9623"
"configure-job-column-plugin","651"
"conflict-aware-ondemand-strategy","5"
"confluence-publisher","2777"
"conjur-credentials","664"
"conjur-simple-integration","371"
"cons3rt","3"
"console-badge","464"
"console-column-plugin","2128"
"console-navigation","65"
"console-tail","446"
"consul","182"
"consul-kv-builder","375"
"container-image-link","24"
"content-replace","1264"
"continuum","31"
"contrast-continuous-application-security","193"
"conventional-commits","190"
"convert-to-pipeline","3606"
"convertigo-mobile-platform","1"
"coordinator","254"
"copado","66"
"copr","13"
"copy-data-to-workspace-plugin","1148"
"copy-project-link","1443"
"copy-to-slave","1758"
"copyarchiver","38"
"copyartifact","46628"
"cors-filter","2897"
"cortex-metrics","130"
"couchdb-statistics","9"
"countjobs-viewstabbar","397"
"covcomplplot","468"
"coverage","12885"
"coverage-badges-extension","47"
"coverity","442"
"cppcheck","3148"
"cppncss","376"
"cpptest","144"
"cppunit","14"
"crap4j","355"
"create-fingerprint","2416"
"create-fingerprint-plugin","4"
"createjobadvanced","524"
"credentials","275637"
"credentials-binding","269665"
"crittercism-dsym","35"
"cron-shelve","75"
"cron_column","2224"
"crossbrowsertesting","172"
"crowd","87"
"crowd2","1338"
"crowdstrike-security","39"
"crx-content-package-deployer","148"
"csp","98"
"cucumber","613"
"cucumber-living-documentation","545"
"cucumber-perf","1058"
"cucumber-reports","10361"
"cucumber-slack-notifier","828"
"cucumber-testresult-plugin","2503"
"cucumber-trends-report","1244"
"curseforge-publisher","2"
"custom-build-properties","403"
"custom-checkbox-parameter","1160"
"custom-folder-icon","1246"
"custom-job-icon","701"
"custom-markup-formatter","107"
"custom-tools-plugin","4085"
"custom-view-tabs","668"
"customizable-header","1478"
"customize-build-now","483"
"customized-build-message","476"
"cvs","18553"
"cvs-tag","69"
"cyberchief-security-scanner","1"
"cygpath","601"
"cygwin-process-killer","86"
"dagshub-branch-source","24"
"daily-quote","17"
"darcs","3"
"dark-theme","63506"
"dashboard-view","33274"
"data-tables-api","67497"
"database","4431"
"database-drizzle","104"
"database-h2","115"
"database-mariadb","17"
"database-mysql","2109"
"database-postgresql","1372"
"database-sqlite","210"
"database-sqlserver","245"
"datadog","3228"
"datadog-build-reporter","7"
"datatheorem-mobile-app-security","30"
"date-parameter","5172"
"datetime-constraint","146"
"datical-db-plugin","6"
"dbCharts","74"
"dbforge-devops-automation-for-sqlserver","105"
"deadmanssnitch","7"
"debian-package-builder","133"
"debian-pbuilder","48"
"declarative-pipeline-migration-assistant","1390"
"declarative-pipeline-migration-assistant-api","1916"
"deepcrawl-test","1"
"deepsecurity-smartcheck","29"
"defectdojo","17"
"defensics","35"
"delete-log-plugin","236"
"delivery-pipeline-plugin","7369"
"delphix","34"
"delta-cloud","6"
"depbuilder","59"
"dependency-check-jenkins-plugin","9801"
"dependency-queue-plugin","173"
"dependency-track","4056"
"dependencyanalyzer","1539"
"depgraph-view","3103"
"deploy","12267"
"deploy-dashboard","216"
"deploy-integrationserver","14"
"deploydb","39"
"deployed-on-column","353"
"deployer-framework","266"
"deploygate-plugin","64"
"deployhub","16"
"deployit-plugin","637"
"deployment-notification","366"
"deployment-sphere","54"
"describe-with-params","247"
"description-column","5"
"description-column-plugin","552"
"description-setter","11670"
"design-library","45"
"deveo","11"
"device-watcher","64"
"devops-portal","167"
"devstack","2"
"diagnostics","54"
"diawi-upload","39"
"digicert-software-trust-code-sign","70"
"digicert-software-trust-gpg-sign","13"
"digitalocean-plugin","274"
"dimensionsscm","52"
"dingding-json-pusher","1078"
"dingding-notifications","6773"
"disable-failed-job","414"
"disable-github-multibranch-status","1029"
"discard-old-build","6693"
"discobit-autoconfig","4"
"discord-notifier","1721"
"disk-usage","10841"
"diskcheck","475"
"display-console-output","1007"
"display-upstream-changes","579"
"display-url-api","276395"
"distTest","60"
"distfork","387"
"dlisting-cov","4"
"docker-build-publish","9091"
"docker-build-step","14994"
"docker-commons","124264"
"docker-compose-build-step","5535"
"docker-custom-build-environment","2861"
"docker-java-api","49306"
"docker-plugin","44437"
"docker-slaves","4931"
"docker-swarm","1024"
"docker-traceability","963"
"docker-workflow","110186"
"dockerhub","7"
"dockerhub-notification","1708"
"doclinks","856"
"doktor","98"
"dos-trigger","306"
"dotcommonitor-loadview","29"
"dotcoverrunner","60"
"dotnet-as-script","381"
"dotnet-sdk","2418"
"downstream-build-cache","1811"
"downstream-buildview","2571"
"downstream-ext","1740"
"doxygen","1435"
"drecycler","45"
"drmemory-plugin","71"
"drools","1"
"dropdown-viewstabbar-plugin","614"
"drupal-developer","35"
"dry","1348"
"dry-run","433"
"dtkit","219"
"dtkit-api","13466"
"dumpinfo-buildwrapper-plugin","87"
"dumpling","186"
"durable-task","266831"
"dynamic-axis","1220"
"dynamic-search-view","479"
"dynamic_extended_choice_parameter","4422"
"dynamicparameter","1447"
"dynatrace-dashboard","136"
"eagle-tester","4"
"ease-plugin","21"
"easyqa","2"
"ec2","11429"
"ec2-cloud-axis","97"
"ec2-deployment-dashboard","433"
"ec2-fleet","2376"
"echarts-api","248353"
"eclipse-update-site","60"
"ecs-publisher","135"
"ecu-test-execution","24"
"ecutest","122"
"eddsa-api","63347"
"editable-choice","772"
"eggplant-plugin","19"
"eggplant-runner","29"
"eiffel-broadcaster","14"
"eks-token","189"
"elOyente","5"
"elastest","3"
"elastic-axis","891"
"elasticbox","30"
"elasticsearch-query","113"
"electricflow","204"
"email-ext","232340"
"email-ext-recipients-column","3374"
"emailext-template","22542"
"embeddable-build-status","13902"
"embotics-vcommander","11"
"emma","1225"
"emmacoveragecolumn","63"
"emotional-hudson","65"
"emotional-jenkins-plugin","776"
"enhanced-credentials","93"
"enhanced-metrics","114"
"enhanced-old-build-discarder","782"
"envfile","2190"
"envinject","56658"
"envinject-api","58898"
"environment-dashboard","794"
"environment-filter-utils","120"
"environment-labels-setter","212"
"environment-manager","55"
"environment-script","2981"
"environment-variable-page-decoration","79"
"escaped-markup-plugin","115"
"essentials","1"
"event-announcer","3"
"exam","7"
"excludeMatrixParent","113"
"exclusive-execution","868"
"exclusive-label-plugin","58"
"experitest-cloud","17"
"export-params","897"
"extended-choice-parameter","33987"
"extended-read-permission","22643"
"extended-security-settings","375"
"extended-timer-trigger","13"
"extensible-choice-parameter","17652"
"extension-filter","38"
"extensivetesting","11"
"external-monitor-job","83468"
"external-scheduler","21"
"external-workspace-manager","1398"
"externalresource-dispatcher","24"
"extra-columns","6954"
"extra-tool-installers","604"
"extreme-feedback","39"
"extreme-notification","506"
"ez-templates","1968"
"ezwall","123"
"fabric-beta-publisher","124"
"fail-the-build-plugin","3557"
"failedJobDeactivator","13"
"fast-track","34"
"favorite","75466"
"favorite-view","664"
"feature-branch-notifier","122"
"figlet-buildstep","126"
"file-leak-detector","713"
"file-operations","8913"
"file-parameters","5973"
"files-found-trigger","773"
"filesystem-list-parameter-plugin","2052"
"filesystem_scm","1403"
"findbugs","2530"
"fireline","181"
"first-plugin","2"
"fitnesse","557"
"flaky-test-handler","1110"
"flashlog-plugin","29"
"flatpickr-api","1552"
"flexdeploy","14"
"flexible-publish","7976"
"flexteam","6"
"flock","37"
"flow","341"
"fluentd","130"
"flyway-api","470"
"flyway-runner","836"
"fogbugz","16"
"folder-auth","3454"
"folder-properties","4302"
"font-awesome-api","248395"
"foreman-node-sharing","4"
"forensics-api","33721"
"form-element-path","160"
"forticwp-cicd","18"
"fortify","3044"
"fortify-cloudscan-jenkins-plugin","56"
"fortify-on-demand-uploader","620"
"fortify360","43"
"frugal-testing","1"
"fstrigger","2407"
"ftp-rename","140"
"ftppublisher","1465"
"fxcop-runner","454"
"gallio","41"
"gamekins","2"
"gating-core","27"
"gatling","3196"
"gatling-check","493"
"gcal","144"
"gcloud-sdk","756"
"gcm-notification","61"
"gcp-java-sdk-auth","105"
"gcp-java-sdk-storage","85"
"gcp-secrets-manager-credentials-provider","637"
"gcr-scanner","20"
"gearman-plugin","343"
"gem-publisher","53"
"generic-environment-filters","50"
"generic-event","210"
"generic-tool","55"
"generic-webhook-trigger","33760"
"genexus","192"
"gerrit","96"
"gerrit-checks-api","344"
"gerrit-code-review","1404"
"gerrit-trigger","6982"
"gerrit-verify-status-reporter","733"
"ghost-inspector","102"
"ghprb","10654"
"girls","8"
"git","269003"
"git-automerger","231"
"git-bisect","139"
"git-changelog","7722"
"git-chooser-alternative","464"
"git-client","271622"
"git-forensics","2152"
"git-notes","164"
"git-parameter","60006"
"git-prebuildmerge-trait","330"
"git-push","3187"
"git-server","131082"
"git-tag-message","2280"
"git-userContent","514"
"gitblit","219"
"gitbucket","1503"
"gitcolony-plugin","73"
"gitea","3899"
"gitea-checks","658"
"gitea-pat-kubernetes-credentials","165"
"gitee","3763"
"gitflow","316"
"github","238172"
"github-api","241674"
"github-app-kubernetes-credentials","330"
"github-autostatus","2462"
"github-branch-pr-change-filter","594"
"github-branch-source","232956"
"github-checks","3105"
"github-coverage-reporter","293"
"github-issues","1162"
"github-label-filter","448"
"github-oauth","13100"
"github-organization-folder","8453"
"github-pr-comment-build","2203"
"github-pr-coverage-status","1818"
"github-pullrequest","14658"
"github-release","101"
"github-scm-filter-aged-refs","348"
"github-scm-filter-jira-validator","339"
"github-scm-trait-commit-skip","1448"
"github-scm-trait-notification-context","1413"
"github-sqs-plugin","127"
"gitlab-api","22209"
"gitlab-branch-source","11542"
"gitlab-hook","4396"
"gitlab-kubernetes-credentials","1378"
"gitlab-logo","5154"
"gitlab-merge-request-jenkins","6737"
"gitlab-oauth","14888"
"gitlab-plugin","54950"
"gitorious","5"
"global-build-stats","5944"
"global-post-script","1208"
"global-pre-script","429"
"global-slack-notifier","5818"
"global-variable-string-parameter","2597"
"global-yaml-properties","55"
"gnat","113"
"gogs-webhook","1340"
"golang","6841"
"google-admin-sdk","109"
"google-analytics-usage-reporter","53"
"google-analyze-code-security","6"
"google-api-client-plugin","126"
"google-chat-notification","1954"
"google-cloud-backup","210"
"google-cloud-health-check","52"
"google-cloudbuild","301"
"google-compute-engine","1464"
"google-container-registry-auth","1237"
"google-deployment-manager","170"
"google-git-notes-publisher","81"
"google-kubernetes-engine","1092"
"google-login","5032"
"google-metadata-plugin","2391"
"google-oauth-plugin","11919"
"google-play-android-publisher","1985"
"google-source-plugin","677"
"google-storage-plugin","1880"
"googleanalytics","88"
"googlecode","1"
"gprbuild","2"
"gradle","217776"
"gradle-daemon","475"
"gradle-repo","1361"
"grails","229"
"graphiteIntegrator","157"
"graphql-server","13"
"gravatar","1396"
"greenballs","15519"
"groovy","27789"
"groovy-events-listener-plugin","356"
"groovy-events-listener-plugin-master","1"
"groovy-label-assignment","1741"
"groovy-postbuild","19412"
"groovy-remote","893"
"groovyaxis","77"
"growl","49"
"grypescanner","216"
"gson-api","136782"
"h2-api","21545"
"habitat","2"
"hadoop","12"
"hall-jenkins","3"
"handlebars","110593"
"handy-uri-templates-2-api","84840"
"harbor","218"
"harvest","22"
"hashicorp-vault-pipeline","2853"
"hashicorp-vault-plugin","8940"
"headspin","5"
"heavy-job","893"
"helix-alm-test-management","16"
"helix-teamhub","24"
"hello-world","1"
"heroku-jenkins-plugin","6"
"hetzner-cloud","68"
"hidden-parameter","9848"
"hipchat","1289"
"hipchat-plugin","5"
"hockeyapp","228"
"horreum","3"
"housekeeper","39"
"hp-application-automation-tools-plugin","1524"
"hp-operations-orchestration-automation-execution-plugin","28"
"hp-quality-center","144"
"hpe-network-virtualization","19"
"hsts-filter-plugin","471"
"html-audio-notifier","134"
"html5-notifier-plugin","796"
"htmlpublisher","98116"
"htmlresource","477"
"http-post","1180"
"http_request","28974"
"huaweicloud-credentials","34"
"huaweicloud-ecs","6"
"hubot-steps","322"
"hudson-logaction-plugin","11"
"hudson-pview-plugin","753"
"hudson-startup-trigger","6"
"hudson-wsclean-plugin","3424"
"hue-light","45"
"hugo","20"
"humbug","15"
"humio","2"
"hyper-build-step","78"
"hyper-commons","133"
"hyper-slaves","26"
"ibm-application-security","22"
"ibm-cloud-devops","39"
"ibm-continuous-release","6"
"ibm-security-appscansource-scanner","98"
"ibm-security-appscanstandard-scanner","131"
"icescrum","7"
"icn-plugin-loader","21"
"icon-shim","19855"
"icon-shim-plugin","2"
"icq-notification","7"
"ifttt-build-notifier","35"
"ignore-committer-strategy","999"
"ikachan","2"
"image-gallery","728"
"image-tag-parameter","1639"
"imagecomparison","22"
"immuniweb","1"
"implied-labels","72"
"in-toto","9"
"incapptic-connect-uploader","1"
"inedo-buildmaster","9"
"inedo-proget","63"
"infisical","9"
"inflectra-spira-integration","39"
"influxdb","3360"
"influxdb-query","257"
"inline-pipeline","1204"
"inodes-monitor","152"
"insightappsec","233"
"installshield","104"
"instana","43"
"instance-identity","201150"
"instant-messaging","1773"
"integrity-plugin","191"
"internetmeme","123"
"ionicons-api","204077"
"ios-device-connector","122"
"ipmessenger-plugin","39"
"ircbot","255"
"ironmq-notifier","2"
"issue-link","54"
"itest","15"
"itms-for-jira","8"
"itms-junit-report-publisher","19"
"ivy","17061"
"ivy-report","163"
"ivytrigger","536"
"jabber","466"
"jabber-server-plugin","11"
"jacked","3"
"jackson-databind","255"
"jackson2-api","271989"
"jacoco","21458"
"jakarta-activation-api","212291"
"jakarta-mail-api","212229"
"japex","26"
"javadoc","142514"
"javancss","394"
"javanet","5"
"javanet-uploader","15"
"javatest-report","158"
"javax-activation-api","233214"
"javax-mail-api","231609"
"jaxb","235547"
"jbehave-hudson-plugin","3"
"jboss","270"
"jbpm-embedded-plugin","10"
"jbpm-workflow-plugin","33"
"jcaptcha-plugin","92"
"jclouds-jenkins","555"
"jdcloud-codedeploy","6"
"jdepend","1074"
"jdk-tool","213329"
"jenkins-cloudformation-plugin","542"
"jenkins-design-language","73310"
"jenkins-flowdock-plugin","315"
"jenkins-infra-test","9"
"jenkins-jira-issue-updater","2279"
"jenkins-leiningen","6"
"jenkins-multijob-plugin","15674"
"jenkins-reviewbot","198"
"jenkins-tag-cloud-plugin","25"
"jenkins-testswarm-plugin","24"
"jenkins-tracker","5"
"jenkinsci-appspider-plugin","76"
"jenkinslint","471"
"jenkinspider","4"
"jenkinswalldisplay","851"
"jenkinswalldisplay-pom","10"
"jersey2-api","68073"
"jetbrains-space","5"
"jfrog","2641"
"jgiven","449"
"jianliao","4"
"jigomerge","138"
"jira","40775"
"jira-ext","1342"
"jira-integration","373"
"jira-steps","5584"
"jira-trigger","3390"
"jjwt-api","210951"
"jmeter","6"
"jmh-report","130"
"jms-messaging","117"
"jna-posix-api","80"
"jnr-posix-api","26029"
"job-direct-mail","348"
"job-dsl","38326"
"job-exporter","753"
"job-fan-in","387"
"job-import-plugin","17512"
"job-log-logger-plugin","439"
"job-node-stalker","434"
"job-parameter-summary","815"
"job-poll-action-plugin","579"
"job-restrictions","5979"
"job-strongauth-simple","24"
"jobConfigHistory","36786"
"jobcacher","1225"
"jobcacher-artifactory-storage","25"
"jobcacher-azure-storage","7"
"jobcopy-builder","1258"
"jobdelete-builder","155"
"jobgenerator","1527"
"jobrequeue","174"
"jobrevision","352"
"jobtag","198"
"jobtemplates","258"
"jobtype-column","319"
"joda-time-api","124644"
"join","5515"
"jprt","6"
"jqs-monitoring","1369"
"jquery","81516"
"jquery-detached","71738"
"jquery-ui","10900"
"jquery3-api","249573"
"jsch","205250"
"jsgames","6"
"jshint-checkstyle","74"
"jslint","335"
"jslint-checkstyle","33"
"jsm-alert","33"
"json-api","117551"
"json-editor-parameter","69"
"json-path-api","132645"
"jsoup","83"
"jsunit","253"
"jswidgets","151"
"jucies","43"
"junit","272940"
"junit-attachments","4305"
"junit-realtime-test-reporter","2027"
"junit-sql-storage","228"
"jwt-auth","187"
"jwt-support","73"
"jx-pipelines","359"
"jx-resources","32"
"jython","289"
"kafkalogs","126"
"kanboard","49"
"karaf-build-step","13"
"katalon","770"
"kato","2"
"keep-slave-disconnected","64"
"keepSlaveOffline","114"
"keeper-secrets-manager","72"
"kerberos-sso","620"
"keyboard-shortcuts-plugin","300"
"keycloak","1505"
"kiuwanJenkinsPlugin","178"
"klaros-testmanagement","12"
"klocwork","810"
"kmap-jenkins","35"
"koji","12"
"kotlin-v1-stdlib-jdk8","403"
"kpp-management-plugin","2143"
"kryptowire","4"
"kubernetes","37684"
"kubernetes-cd","2519"
"kubernetes-ci","128"
"kubernetes-cli","10948"
"kubernetes-client-api","40890"
"kubernetes-credentials","40526"
"kubernetes-credentials-provider","6397"
"kubernetes-pipeline-aggregator","164"
"kubernetes-pipeline-arquillian-steps","172"
"kubernetes-pipeline-devops-steps","3508"
"kubernetes-pipeline-steps","337"
"kubesphere-token-auth","55"
"label-linked-jobs","1446"
"label-verifier","190"
"labeled-test-groups-publisher","150"
"labelled-steps","537"
"labmanager","34"
"lacework-security-scanner","11"
"lambda-test-runner","158"
"lambdatest-automation","279"
"last-changes","2764"
"lastfailureversioncolumn","242"
"lastsuccessversioncolumn","299"
"ldap","239791"
"ldapemail","2249"
"leapwork","174"
"leastload","2468"
"leiningen-plugin","55"
"lenientshutdown","293"
"levo","1"
"libvirt-slave","255"
"lifx-notifier","143"
"lighthouse-report","328"
"linenumbers","322"
"lingr-plugin","1"
"link-column","30"
"liquibase-runner","456"
"list-command","170"
"list-git-branches-parameter","4375"
"literate","4"
"liverebel-deploy","3"
"livescreenshot","164"
"llvm-cov","139"
"loadcomplete","8"
"loaderio-jenkins-plugin","11"
"loadfocus-jmeter-load-testing-integration","192"
"loadfocus-loadtest","15"
"loadimpact-plugin","42"
"loadium","5"
"loadninja","24"
"loadrunner","8"
"loadrunner-cloud","234"
"locale","25585"
"localization-support","62927"
"localization-zh-cn","62196"
"lockable-resources","109255"
"locked-files-report","41"
"log-cli","80"
"log-command","194"
"log-file-filter","549"
"log-parser","11095"
"logaction-plugin","97"
"logback-nats-appender","66"
"logentries","12"
"logfilesizechecker","1168"
"logging","440"
"login-theme","4786"
"logstash","3475"
"lotus-connections-plugin","8"
"lsf-cloud","4"
"lucene-search","469"
"m2-extra-steps","46"
"m2release","9430"
"mabl-integration","65"
"mac","383"
"machine-learning","44"
"macstadium-orka","249"
"mail-watcher-plugin","3908"
"mailcommander","299"
"mailer","277267"
"mailmap-resolver","115"
"maintenance-jobs-scheduler","88"
"manage-permission","200"
"managed-scripts","4005"
"mantis","115"
"mapdb-api","90585"
"maplelabs-apm","2"
"marathon","168"
"mariadb-api","19"
"markdown-formatter","892"
"mashup-portlets-plugin","630"
"mask-passwords","21509"
"material-theme","3406"
"mathworks-polyspace","156"
"matlab","444"
"matomo-analytics","3"
"matrix-auth","255576"
"matrix-combinations-parameter","2423"
"matrix-communication","32"
"matrix-groovy-execution-strategy","891"
"matrix-project","270519"
"matrix-reloaded","840"
"matrixtieparent","427"
"mattermost","2371"
"maven-artifact-choicelistprovider","3733"
"maven-dependency-update-trigger","2387"
"maven-deployment-linker","1418"
"maven-info","3870"
"maven-invoker-plugin","3118"
"maven-metadata-plugin","2594"
"maven-plugin","130155"
"maven-release-cascade","622"
"maven-repo-cleaner","2021"
"maven-snapshot-check","1258"
"mdt-deployment","14"
"mdtool","46"
"meliora-testlab","18"
"memegen","78"
"memory-map","305"
"mend-cloud-native-security-scanner","17"
"mentor-questa-vrm","80"
"mercurial","47777"
"mergebase-sca","1"
"mesos","579"
"metadata","274"
"metadefender","12"
"metrics","92000"
"metrics-aggregation","39"
"metrics-datadog","331"
"metrics-diskusage","782"
"metrics-ganglia","10"
"metrics-graphite","271"
"micro-focus-performance-center-integration","166"
"microdocs-integration","1"
"mina-sshd-api-common","213316"
"mina-sshd-api-core","211617"
"mina-sshd-api-scp","622"
"mina-sshd-api-sftp","592"
"minio","465"
"minio-storage","72"
"miniorange-saml-sp","2260"
"miniorange-two-factor","307"
"misra-compliance-report-generator","28"
"mission-control-view","783"
"mixing-security-realm","127"
"mktmpio","83"
"mock-load-builder","18"
"mock-security-realm","138"
"mock-slave","260"
"modernstatus","1696"
"mogotest","1"
"momentjs","123290"
"mongodb","201"
"mongodb-document-upload","93"
"monitor-pro","174"
"monitor-remote-job","102"
"monitoring","21042"
"monkit-plugin","9"
"mq-notifier","330"
"mqtt-notification-plugin","85"
"msbuild","19114"
"msginject","323"
"mstest","4965"
"mstestrunner","2785"
"mttr","143"
"multi-branch-priority-sorter","177"
"multi-branch-project-plugin","2584"
"multi-module-tests-publisher","1923"
"multi-slave-config-plugin","984"
"multibranch-action-triggers","1191"
"multibranch-build-strategy-extension","2652"
"multibranch-job-tear-down","172"
"multibranch-scan-webhook-trigger","4994"
"multiple-scms","18848"
"multiselect-parameter","1387"
"muuri-api","272"
"mysql-api","1242"
"mysql-job-databases","89"
"myst-plugin","79"
"nabaztag","1"
"naginator","13008"
"nant","1711"
"neoload-jenkins-plugin","197"
"nerrvana-plugin","6"
"nested-data-reporting","182"
"nested-view","7772"
"netdomain-labeler","24"
"netsparker-cloud-scan","338"
"network-monitor","291"
"neuro-cucumber","57"
"neuvector-vulnerability-scanner","92"
"newrelic-deployment-notifier","677"
"next-build-number","8798"
"next-executions","3461"
"nexus-artifact-uploader","7752"
"nexus-jenkins-plugin","5259"
"nexus-task-runner","938"
"nirmata","60"
"nis-notification-lamp","6"
"no-agent-job-purge","206"
"node-iterator-api","15576"
"node-sharing-executor","118"
"node-sharing-orchestrator","13"
"nodejs","66078"
"nodelabelparameter","18731"
"nodenamecolumn","928"
"nodeofflinenotification","5"
"nodepool-agents","34"
"nomad","274"
"non-dynamic-hello-world","7"
"nopmdcheck","31"
"nopmdverifytrac","22"
"notification","5318"
"notifo","6"
"notify-events","706"
"nouvola-divecloud","5"
"nowsecure-auto-security-test","138"
"npm-yarn-wrapper-steps","2532"
"nsiqcollector","120"
"nuclei","24"
"nuget","2344"
"numeraljs","235"
"nunit","4777"
"nutanix-calm","19"
"nvm-wrapper","3010"
"oak9","3"
"oauth-credentials","14060"
"octoperf","28"
"octopusdeploy","690"
"oes-template","13"
"offlineonfailure-plugin","136"
"oic-auth","5129"
"oidc-provider","447"
"okhttp-api","231517"
"oki-docki","122"
"one-shot-executor","67"
"onepassword-secrets","116"
"onesky","7"
"ontrack","28"
"open-stf","44"
"openJDK-native-plugin","2672"
"opencover","211"
"openedge","30"
"openid","697"
"openid4java","1029"
"openscada-jenkins-exporter","2"
"openshift-client","2154"
"openshift-deployer","190"
"openshift-k8s-credentials","254"
"openshift-login","928"
"openshift-pipeline","648"
"openshift-sync","1128"
"openstack-cloud","899"
"openstack-heat","5"
"opentelemetry","1577"
"opentelemetry-agent-metrics","114"
"opentelemetry-api","2"
"opsgenie","413"
"opslevel","9"
"oracle-cloud-infrastructure-compute","621"
"oracle-cloud-infrastructure-compute-classic","17"
"oracle-cloud-infrastructure-devops","162"
"osf-builder-suite-for-sfcc-credentials","133"
"osf-builder-suite-for-sfcc-data-import","63"
"osf-builder-suite-for-sfcc-deploy","112"
"osf-builder-suite-for-sfcc-run-job","40"
"osf-builder-suite-standalone-sonar-linter","228"
"osf-builder-suite-xml-linter","22"
"oslc-cm","6"
"otabuilder","7"
"outbound-webhook","472"
"overops-query","22"
"oversecured","4"
"ownership","1638"
"p4","6433"
"paaslane-estimate","1"
"package-drone","22"
"package-parameter","254"
"packagecloud","19"
"packageversion","17"
"packer","1489"
"pagerduty","1049"
"paginated-builds","37"
"pam-auth","237113"
"pangolin-testrail-connector","58"
"parallel-test-executor","1139"
"parallels-desktop","32"
"parameter-pool","280"
"parameter-separator","7233"
"parameterized-scheduler","18576"
"parameterized-trigger","73540"
"paranoia","1"
"parasoft-findings","505"
"partyparrotstatus","42"
"patch-parameter","541"
"pathignore","123"
"pathignore-plugin","1"
"peass-ci","7"
"pegdown-formatter","959"
"pending-changes","165"
"people-redirector","18"
"people-view","520"
"percentage-du-node-column","779"
"perfecto","27"
"perfectomobile","34"
"perfectomobile-jenkins","1"
"perforce","583"
"performance","11856"
"performance-signature-dynatrace","86"
"performance-signature-dynatracesaas","103"
"performance-signature-ui","216"
"performance-signature-viewer","118"
"perfpublisher","1277"
"periodic-reincarnation","233"
"periodicbackup","4391"
"perl","66"
"perl-smoke-test","14"
"permissive-script-security","6975"
"persistent-build-queue-plugin","69"
"persistent-parameter","4330"
"persona","119"
"phabricator-k8s","126"
"phabricator-plugin","511"
"phing","612"
"phoenix-autotest","190"
"php","200"
"php-builtin-web-server","183"
"piketec-tpt","43"
"pipeline-agent-build-history","88"
"pipeline-aggregator-view","3987"
"pipeline-as-yaml","522"
"pipeline-aws","14600"
"pipeline-bamboo","164"
"pipeline-build-step","259955"
"pipeline-classpath","71"
"pipeline-cloudwatch-logs","40"
"pipeline-config-history","1751"
"pipeline-cps-http","1580"
"pipeline-dependency-walker","783"
"pipeline-deploymon","533"
"pipeline-editor","9"
"pipeline-gcp","68"
"pipeline-giphy-api","50"
"pipeline-github","9842"
"pipeline-github-lib","208017"
"pipeline-githubnotify-step","5366"
"pipeline-gitstatuswrapper","346"
"pipeline-global-lib-nexus","929"
"pipeline-graph-analysis","254315"
"pipeline-graph-view","41890"
"pipeline-groovy-lib","204078"
"pipeline-huaweicloud-plugin","65"
"pipeline-input-notification","335"
"pipeline-input-step","261464"
"pipeline-keep-running-step","132"
"pipeline-keepenv-step","163"
"pipeline-maven","28917"
"pipeline-maven-api","15569"
"pipeline-maven-database","701"
"pipeline-milestone-step","258736"
"pipeline-model-api","260123"
"pipeline-model-declarative-agent","44257"
"pipeline-model-definition","256017"
"pipeline-model-extensions","258038"
"pipeline-multibranch-defaults","9284"
"pipeline-npm","6692"
"pipeline-project-env","45"
"pipeline-reporter-by-redpen","22"
"pipeline-rest-api","220487"
"pipeline-restful-api","507"
"pipeline-stage-step","262272"
"pipeline-stage-tags-metadata","260283"
"pipeline-stage-view","217182"
"pipeline-timeline","2715"
"pipeline-utility-steps","61326"
"pitmutation","358"
"piwikanalytics","103"
"plain-credentials","271825"
"plasticscm-mergebot","44"
"plasticscm-plugin","309"
"platformlabeler","233"
"play-autotest-plugin","79"
"plot","5673"
"plugin-usage-plugin","9407"
"plugin-util-api","249845"
"pmd","2399"
"polarion","190"
"policycenter-gate-validator","22"
"poll-mailbox-trigger","12"
"poll-mailbox-trigger-plugin","1270"
"pollscm","1743"
"pom2config","93"
"popper-api","81897"
"popper2-api","103677"
"port-allocator","2766"
"portscanner","21"
"portshift-scanner","20"
"post-completed-build-result","347"
"postbuild-task","18234"
"postbuildscript","13348"
"postgresql-api","1166"
"postgresql-fingerprint-storage","13"
"powershell","19383"
"pragprog","35"
"preSCMbuildstep","5610"
"preflight-integration","3"
"prereq-buildstep","498"
"pretested-integration","439"
"prism-api","45616"
"prisma-cloud-iac-scan","185"
"probely-security","32"
"proc-cleaner-plugin","168"
"progress-bar-column-plugin","1306"
"project-build-times","1293"
"project-description-setter","3852"
"project-health-report","326"
"project-inheritance","769"
"project-stats-plugin","3556"
"prometheus","16951"
"promoted-builds","9647"
"promoted-builds-simple","1056"
"propelo-job-reporter","27"
"protecode-sc","124"
"provar-automation","70"
"proxmox","178"
"prqa-plugin","239"
"pry","28"
"publish-over","70349"
"publish-over-cifs","3718"
"publish-over-dropbox","278"
"publish-over-ftp","7294"
"publish-over-ssh","64414"
"publish-to-bitbucket","658"
"pubsub-light","75423"
"pull-request-monitoring","262"
"puppet","119"
"puppet-enterprise-pipeline","61"
"pureload","7"
"purge-build-queue-plugin","3807"
"purge-job-history","4363"
"pvcs_scm","35"
"pwauth","364"
"pyenv","417"
"pyenv-pipeline","4635"
"python","12071"
"python-wrapper","897"
"qc","134"
"qftest","175"
"qiniu","59"
"qmetry-for-jira-test-management","107"
"qmetry-test-management","100"
"qrebel","11"
"qtest","1277"
"quali-torque","3"
"quality-gates","3108"
"qualityclouds","15"
"qualys-api-security","17"
"qualys-cs","152"
"qualys-iac-security","17"
"qualys-pc","55"
"qualys-vm","75"
"qualys-was","315"
"quayio-trigger","20"
"queue-cleanup","367"
"qy-wechat-notification","3126"
"r","133"
"r7insight-log-forwarder","9"
"rabbitmq-build-trigger","245"
"rabbitmq-consumer","727"
"rabbitmq-publisher","183"
"rad-builder","40"
"radargun","1"
"radiatorviewplugin","922"
"rake","1116"
"rally-plugin","116"
"rally-update-plugin-1","5"
"rallyBuild","33"
"rancher","32"
"random-job-builder","24"
"random-string-parameter","826"
"ranorex-integration","320"
"rapid7-insightvm-container-assessment","144"
"rapiddeploy-jenkins","35"
"rb","48"
"rbenv","221"
"reactor-plugin","12"
"read-only-configurations","742"
"readonly-parameters","1623"
"rebuild","47585"
"recipe","49"
"redeploy-rancher2-workload","539"
"redgate-sql-ci","196"
"redhat-codeready-dependency-analysis","9"
"redhat-dependency-analytics","29"
"redis-fingerprint-storage","53"
"redis-notifier","48"
"redmine","934"
"redmine-metrics-report","142"
"refit","6"
"regression-report-plugin","274"
"release","2630"
"release-helper","477"
"reliza-integration","1"
"relution-publisher","21"
"remote-file","2846"
"remote-jobs-view-plugin","239"
"remote-result-trigger","31"
"remote-terminal-access","442"
"remoting-kafka","67"
"remoting-opentelemetry","95"
"remoting-security-workaround","36"
"repo","3291"
"report-diff","9"
"report-generic-chart-column","6"
"report-info","1098"
"report-jtreg","54"
"reportportal","162"
"repository","1892"
"repository-connector","3676"
"reqtify","24"
"requests","75"
"resource-disposer","242135"
"rest-list-parameter","348"
"restricted-register","62"
"results-cache","51"
"reverse-proxy-auth-plugin","2316"
"reviewboard","1"
"rhnpush-plugin","39"
"rich-text-publisher-plugin","2504"
"rigor-optimization","23"
"robot","8486"
"rocketchatnotifier","1172"
"role-strategy","88966"
"rpi-build-status","4"
"rpmsign-plugin","250"
"rqm-plugin","48"
"rrod","30"
"rtc","5"
"ruby-runtime","7851"
"rubyMetrics","645"
"rubymotion","72"
"run-condition","68280"
"run-condition-extras","2071"
"run-selector","782"
"rundeck","839"
"runscope","75"
"rusalad-plugin","4"
"rvm","449"
"s3","8438"
"s3explorer","203"
"safe-batch-environment-filter","30"
"saferestart","12619"
"sahagin","10"
"salesforce-migration-assistant-plugin","77"
"saltstack","456"
"sametime","29"
"saml","17797"
"sasunit-plugin","32"
"sauce-ondemand","2749"
"sbt","3620"
"scala-junit-name-decoder","132"
"scalable-amazon-ecs","893"
"schedule-build","5995"
"schedule-build-plugin","16"
"schedule-failed-builds","58"
"scis-ad","98"
"scm-api","277347"
"scm-filter-branch-pr","1144"
"scm-filter-jervis","51"
"scm-httpclient","45"
"scm-manager","273"
"scm-sqs","100"
"scm-sync-configuration","1966"
"scm2job","486"
"scmskip","1309"
"scons","176"
"scoring-load-balancer","1655"
"scoverage","2271"
"scp","3617"
"screenrecorder","14"
"script-realm","247"
"script-scm","36"
"script-security","278024"
"scripted-cloud-plugin","112"
"scriptler","6798"
"scripttrigger","330"
"sdelements","2"
"sealights","21"
"search-all-results-plugin","108"
"secondary-timestamper-plugin","1887"
"secone-security","2"
"secret","26"
"sectioned-view","3708"
"secure-post-script","188"
"secure-requester-whitelist","473"
"security-inspector","230"
"security-no-captcha","4"
"seed","344"
"select2-api","623"
"selected-tests-executor","407"
"selection-tasks-plugin","165"
"selenium","1385"
"selenium-aes","249"
"selenium-axis","286"
"selenium-builder","479"
"seleniumhtmlreport","2400"
"seleniumrc-plugin","372"
"semantic-versioning-plugin","364"
"sematext","18"
"send-stacktrace-to-eclipse-plugin","37"
"sensedia-api-platform","3"
"serenity","371"
"service-fabric","113"
"service-now","294"
"servicenow-cicd","192"
"servicenow-devops","122"
"setenv","80"
"sge-cloud-plugin","1"
"shared-objects","828"
"shared-workspace","1390"
"shelve-project-plugin","2440"
"shiningpanda","3736"
"short-workspace-path","309"
"shortcut-job","18"
"show-build-parameters","3314"
"shutdown-queue","6"
"sicci_for_xcode","200"
"sidebar-link","6545"
"sidebar-update-notification","156"
"sideex","2"
"signal-killer","35"
"silk-performer-plugin","14"
"simple-build-for-pipeline","885"
"simple-parameterized-builds-report","1040"
"simple-queue","508"
"simple-theme-plugin","25386"
"simple-travis-runner","45"
"simpleclearcase","80"
"simpleupdatesite","16"
"simplify-qa-connector","7"
"sinatra-chef-builder","16"
"singleuseslave","29"
"sitemonitor","1243"
"skenai","12"
"skip-certificate-check","6415"
"skip-cron-rebuild","34"
"skip-notifications-trait","1115"
"skype-notifier","171"
"skytap","59"
"slack","41955"
"slack-uploader","1497"
"sladiator-notifier","2"
"slave-prerequisites","272"
"slave-proxy","243"
"slave-setup","2634"
"slave-squatter","140"
"slave-status","1957"
"slave-utilization-plugin","606"
"sloccount","1765"
"slsa","4"
"smalltest","2"
"smart-jenkins","3"
"smartfrog-plugin","8"
"smilehubnotifier","15"
"sms","169"
"sms-notification","4"
"snakeyaml-api","254708"
"snowglobe","4"
"snsnotify","457"
"snyk-security-scanner","4013"
"soapui-pro-functional-testing","549"
"sofy-ai","7"
"solarized-theme","2380"
"sonar","53206"
"sonar-gerrit","1647"
"sonar-quality-gates","5225"
"sonargraph-integration","1881"
"sonargraph-plugin","551"
"sonarqube-generic-coverage","1557"
"sonatype-ci","18"
"sonic-ci-helper","75"
"soos-sca","6"
"sounds","338"
"sourcemonitor","102"
"speaks","7"
"split-admin","12"
"splunk-devops","3216"
"splunk-devops-extend","1972"
"spoonscript","1"
"spotinst","201"
"spring-config","101"
"spring-initalzr","127"
"sqlplus-script-runner","1763"
"sqlserver-api","187"
"squashtm-publisher","12"
"sra-deploy","35"
"srcclr-installer","15"
"sse-gateway","68281"
"ssh","37008"
"ssh-agent","63861"
"ssh-credentials","276501"
"ssh-slaves","245967"
"ssh-steps","22643"
"ssh2easy","6150"
"ssh2easy-plugin","12"
"sshd","201431"
"stackhammer","8"
"stackify-deployment-recorder","15"
"stackrox-container-image-scanner","72"
"starteam","53"
"started-by-envvar","440"
"startup-trigger-plugin","5848"
"stash-pullrequest-builder","1056"
"stashNotifier","7476"
"statistics-gatherer","650"
"statusmonitor","946"
"statuspage-gating","3"
"stepcounter","343"
"stoplightio-report","23"
"storable-configs-plugin","70"
"strawboss","142"
"strict-crumb-issuer","6899"
"structs","277616"
"subversion","83373"
"suite-test-groups-publisher","7"
"summary_report","1792"
"sumologic-publisher","452"
"support-core","4054"
"suppress-stack-trace","163"
"svn-partial-release-mgr","505"
"svn-revert-plugin","904"
"svn-tag","564"
"svn-workspace-cleaner","1501"
"svncompat13","360"
"svncompat14","1917"
"svnmerge","646"
"swamp","1"
"swarm","6794"
"sweagle","4"
"synergy","53"
"synopsys-coverity","1532"
"synopsys-polaris","253"
"synopsys-security-scan","69"
"synopsys-sigma","23"
"sysdig-secure","115"
"syslog-logger","393"
"systemloadaverage-monitor","802"
"tag-profiler","25"
"talend","26"
"tanaguru","17"
"tap","1329"
"tasks","1139"
"tattletale-plugin","20"
"tcl","11"
"team-views","172"
"teamconcert","889"
"teamconcert-git","180"
"teams-webhook-trigger","302"
"teamscale-upload","23"
"tekton-client","57"
"telegram-notifications","1185"
"telerik-appbuilder-plugin","5"
"template-project","1919"
"template-workflows","491"
"templating-engine","1603"
"tepco-epuw","1"
"terminal","482"
"terminate-ssh-processes-plugin","913"
"terraform","4955"
"test-results-aggregator","1585"
"test-results-analyzer","9422"
"test-stability","1101"
"testInProgress","2426"
"testabilityexplorer","48"
"testcafe","135"
"testcomplete-xunit","504"
"testcomplete11-xunit","266"
"testdroid-run-in-cloud","28"
"testein","1"
"testflight","55"
"testflo-for-jira-test-management-automation","88"
"testingbot","145"
"testinium","1"
"testkube-cli","6"
"testlink","490"
"testng-plugin","9282"
"testodyssey-execution","1"
"testopia","17"
"testproject","165"
"testquality-updater","47"
"testsigma","44"
"teststudio","15"
"teststudioapitesting","11"
"teststudiomobiletesting","1"
"testweaver","6"
"text-file-operations","2277"
"text-finder","7771"
"text-finder-run-condition","3474"
"tfs","1490"
"theme-manager","68283"
"themis","2"
"thinBackup","30214"
"thread-dump-action-plugin","47"
"threadfix","13"
"throttle-concurrents","19802"
"thucydides","319"
"thycotic-devops-secrets-vault","18"
"thycotic-secret-server","78"
"thycotic-vault","3"
"tibco-builder","24"
"tics","58"
"timestamper","239615"
"tinfoil-scan","11"
"tm4j-automation","600"
"tmpcleaner","490"
"token-macro","269032"
"tool-labels-plugin","154"
"toolenv","1350"
"trac","202"
"trac-publisher-plugin","48"
"tracking-git","469"
"tracking-svn","527"
"transifex","15"
"translation","15378"
"travis-yml","30"
"tricentis-ci","142"
"trilead-api","265913"
"trunk-io","19"
"tuleap-api","112"
"tuleap-git-branch-source","93"
"tuleap-oauth","46"
"tuxdroid","5"
"twitter","28"
"typetalk","11"
"ui-samples-plugin","134"
"ui-test-capture","82"
"uipath-automation-package","373"
"uithemes","9"
"uleska","4"
"unicorn","42"
"unique-id","430"
"unity3d-plugin","2008"
"unleash","1090"
"uno-choice","38131"
"unreliable-slave-plugin","28"
"update-sites-manager","1585"
"updatebot","11"
"updraft-publisher","11"
"upload-artifacts-to-nexus","3"
"upload-build-to-sofy","1"
"upload-pgyer","922"
"upstream-downstream-view","243"
"uptime","625"
"urbancode-velocity","44"
"url-auth","40"
"url-auth-sso","321"
"url-change-trigger","23"
"url-filter","80"
"urltrigger","2425"
"usemango-runner","9"
"utplsql","62"
"vaddy-plugin","8"
"vagrant","267"
"vagrant-plugin","1"
"valgrind","820"
"valid-network","1"
"validating-email-parameter","293"
"validating-string-parameter","7780"
"validating-yaml-parameter","75"
"variables-replace-plugin","395"
"variant","234479"
"vault-scm-plugin","26"
"vboxwrapper","21"
"vdoo-vision","6"
"vectorcast-coverage","266"
"vectorcast-execution","235"
"venafi-codesigning","59"
"venafi-vcert","10"
"veracode-scan","1463"
"veracode-scanner","63"
"versioncolumn","3405"
"versionnumber","5764"
"vertx","3"
"vessel","1"
"viber-notification","11"
"view-cloner","392"
"view-job-filters","11922"
"view26","39"
"viewVC","378"
"views-containing-job","45"
"violation-columns","159"
"violation-comments-to-github","799"
"violation-comments-to-gitlab","2102"
"violation-comments-to-stash","881"
"violations","2791"
"virtualbox","245"
"visual-basic-6","90"
"visualexpert","9"
"visualworks-store","5"
"vmanager-plugin","87"
"vmware-vrealize-automation-plugin","56"
"vmware-vrealize-codestream","26"
"vmware-vrealize-orchestrator","43"
"vncrecorder","167"
"vncviewer","399"
"vrealize-automation-8","9"
"vs-code-metrics","520"
"vsphere-cloud","2112"
"vss","71"
"vstestrunner","1921"
"vsts-cd","439"
"wallarm-fast","18"
"walti","8"
"waptpro","2"
"warnings","3008"
"warnings-ng","22750"
"warrior","1"
"was-builder","256"
"wattspeed","3"
"wavefront","48"
"webhook-eventsource","177"
"webhook-step","3396"
"webload","22"
"weblogic-deployer-plugin","716"
"websocket","325"
"websocketin-notification","97"
"websphere-deployer","461"
"weibo","7"
"weibo4jenkins","2"
"wetest-automation","3"
"whitesource","385"
"wildfly-deployer","372"
"windocks-start-container","128"
"windows-azure-storage","1616"
"windows-cloud","406"
"windows-exe-runner","1206"
"windows-slaves","79728"
"winrm-client","787"
"wix","190"
"workflow-aggregator","249195"
"workflow-api","275193"
"workflow-basic-steps","262681"
"workflow-cps","265436"
"workflow-cps-global-lib","99975"
"workflow-cps-global-lib-http","3445"
"workflow-durable-task-step","264804"
"workflow-job","267899"
"workflow-multibranch","261253"
"workflow-remote-loader","2629"
"workflow-scm-step","274631"
"workflow-step-api","277208"
"workflow-stm","3"
"workflow-support","273338"
"working-hours","173"
"workplace-notifier","24"
"worktile","61"
"writable-filesystem-monitor","12"
"ws-cleanup","239173"
"ws-ctm","10"
"ws-execution-manager","19"
"ws-ws-replacement","369"
"wsap","16"
"wso2id-oauth","17"
"wwpass-plugin","1"
"wxwork-notification","315"
"xcode-plugin","4334"
"xcp-ci","5"
"xfpanel","296"
"xframe-filter-plugin","1080"
"xlrelease-plugin","202"
"xlrelease-var-setter","42"
"xltest-plugin","2"
"xltestview-plugin","5"
"xml-job-to-job-dsl","2610"
"xpath-config-viewer","41"
"xpdev","4"
"xray-connector","1951"
"xshell","879"
"xtrigger","89"
"xtrigger-api","2923"
"xunit","14565"
"xvfb","5195"
"xvnc","1357"
"xygeni-sensor","2"
"yaml-axis","225"
"yaml-project","1"
"yammer","13"
"yandex-cloud-workers","11"
"yandex-metrica","6"
"yet-another-build-visualizer","1578"
"yet-another-docker-plugin","1334"
"youtrack-plugin","57"
"zanata","37"
"zap","1217"
"zap-pipeline","604"
"zapper","765"
"zaproxy","24"
"zaproxy-jenkins","1"
"zdevops","13"
"zentimestamp","3048"
"zephyr-enterprise-test-management","254"
"zephyr-for-jira-test-management","179"
"zmq-event-publisher","61"
"zohosprints","10"
"zoom","168"
"zos-connector","105"
"zscaler-iac-scan","6"
"zubhium","1"
"zulip","144"
