"DotCiInstallPackages","1"
"TestResultsAnalyzer","1"
"appcircle-enterprise-store","1"
"appcircle-testing-distribution","1"
"appdome-validate-2secure","1"
"aws-kinesis-consumer","1"
"aws-lambda-jenkins-plugin","1"
"bart","1"
"buddycloud","1"
"byteguard-build-actions","1"
"cloudbees-registration","1"
"convertigo-mobile-platform","1"
"curseforge-publisher","1"
"deepcrawl-test","1"
"drools","1"
"elastest","1"
"essentials","1"
"finite-state-binary-scan","1"
"finite-state-third-party-upload","1"
"googlecode","1"
"hckrnews","1"
"hello-world","1"
"incapptic-connect-uploader","1"
"ironmq-notifier","1"
"lingr-plugin","1"
"loadmance","1"
"maplelabs-apm","1"
"microdocs-integration","1"
"mogotest","1"
"nabaztag","1"
"paaslane-estimate","1"
"paranoia","1"
"perfectomobile-jenkins","1"
"pretest-commit","1"
"radargun","1"
"reliza-integration","1"
"reviewboard","1"
"sladiator-notifier","1"
"spoonscript","1"
"swamp","1"
"tepco-epuw","1"
"testinium","1"
"teststudiomobiletesting","1"
"vagrant-plugin","1"
"valid-network","1"
"vessel","1"
"warrior","1"
"weibo4jenkins","1"
"wsnotifier","1"
"wwpass-plugin","1"
"xframium","1"
"xltest-plugin","1"
"yaml-project","1"
"zubhium","1"
"AntepediaReporter-CI-plugin","2"
"alauda-devops-sync","2"
"appray","2"
"apprenda","2"
"appthwack","2"
"asakusa-satellite-plugin","2"
"blitz_io-jenkins","2"
"carl","2"
"cons3rt","2"
"devstack","2"
"dlisting-cov","2"
"easyqa","2"
"first-plugin","2"
"gamekins","2"
"gprbuild","2"
"habitat","2"
"hall-jenkins","2"
"humio","2"
"ikachan","2"
"immuniweb","2"
"kato","2"
"literate","2"
"mergebase-sca","2"
"quali-torque","2"
"rpi-build-status","2"
"secone-sca-sast-security-scanner","2"
"smalltest","2"
"testein","2"
"vertx","2"
"workflow-stm","2"
"xpdev","2"
"zaproxy-jenkins","2"
"ColumnPack-plugin","3"
"appknox-scanner","3"
"application-director-plugin","3"
"aribot","3"
"cifs","3"
"commons-math3-api","3"
"delta-cloud","3"
"event-announcer","3"
"ibm-continuous-release","3"
"icon-shim-plugin","3"
"jacked","3"
"jenkinspider","3"
"levo","3"
"liverebel-deploy","3"
"nodeofflinenotification","3"
"notifo","3"
"openscada-jenkins-exporter","3"
"ostorlab","3"
"oversecured","3"
"sensedia-api-platform","3"
"sideex","3"
"statuspage-gating","3"
"sweagle","3"
"themis","3"
"thycotic-vault","3"
"wattspeed","3"
"DotCi-Fig-template","4"
"apimap","4"
"ascentialtest-cmd-line","4"
"bevigil-ci","4"
"binary-deployer","4"
"build-configurator","4"
"build-requester","4"
"caliper-ci","4"
"campfire","4"
"create-fingerprint-plugin","4"
"darcs","4"
"datadog-build-reporter","4"
"discobit-autoconfig","4"
"elOyente","4"
"flexteam","4"
"foreman-node-sharing","4"
"horreum","4"
"javanet","4"
"jbehave-hudson-plugin","4"
"jdcloud-codedeploy","4"
"jenkins-leiningen","4"
"jenkins-tracker","4"
"jetbrains-space","4"
"jianliao","4"
"kryptowire","4"
"loadium","4"
"lsf-cloud","4"
"matomo-analytics","4"
"nouvola-divecloud","4"
"oak9","4"
"rusalad-plugin","4"
"sdelements","4"
"security-no-captcha","4"
"shared-library-version-override","4"
"snowglobe","4"
"upload-artifacts-to-nexus","4"
"xygeni-sensor","4"
"zscaler-iac-scan","4"
"autify","5"
"bmc-cfa","5"
"cachet-gating","5"
"catalogic-ecx","5"
"cloudbees-deployer-plugin","5"
"cloudcoreo-deploytime","5"
"cloudguard-shiftleft","5"
"compuware-zadviser-api","5"
"couchdb-statistics","5"
"ctrf-json","5"
"datical-db-plugin","5"
"deadmanssnitch","5"
"eagle-tester","5"
"environment-variables-status-sync","5"
"hipchat-plugin","5"
"hudson-startup-trigger","5"
"icq-notification","5"
"jmeter","5"
"jsgames","5"
"openstack-heat","5"
"oslc-cm","5"
"otabuilder","5"
"preflight-integration","5"
"rally-update-plugin-1","5"
"refit","5"
"rtc","5"
"simplify-qa-connector","5"
"sms-notification","5"
"telerik-appbuilder-plugin","5"
"testweaver","5"
"uleska","5"
"waptpro","5"
"weibo","5"
"wetest-automation","5"
"xltestview-plugin","5"
"yandex-metrica","5"
"HiddenParameter","6"
"appdome-build-2secure","6"
"autonomiq","6"
"buildcoin-plugin","6"
"ca-mat-performance-benchmarking-by-broadcom","6"
"carbonetes-serverless-container-scanning-and-policy-compliance","6"
"cdevents","6"
"chaos-monkey","6"
"compuware-strobe-measurement","6"
"conflict-aware-ondemand-strategy","6"
"gitorious","6"
"google-analyze-code-security","6"
"headspin","6"
"heroku-jenkins-plugin","6"
"in-toto","6"
"itms-for-jira","6"
"jobcacher-azure-storage","6"
"jprt","6"
"loadcomplete","6"
"nerrvana-plugin","6"
"non-dynamic-hello-world","6"
"peass-ci","6"
"secone-security","6"
"soos-sca","6"
"stackhammer","6"
"testkube-cli","6"
"tuxdroid","6"
"visualworks-store","6"
"CFLint","7"
"GatekeeperPlugin","7"
"amqp-build-trigger","7"
"arestocats","7"
"boot-clj","7"
"compuware-topaz-for-enterprise-data","7"
"description-column","7"
"dockerhub","7"
"exam","7"
"huaweicloud-ecs","7"
"hudson-logaction-plugin","7"
"lotus-connections-plugin","7"
"nis-notification-lamp","7"
"pureload","7"
"r7insight-log-forwarder","7"
"sofy-ai","7"
"typetalk","7"
"vdoo-vision","7"
"writable-filesystem-monitor","7"
"xcp-ci","7"
"SBuild","8"
"beagle-security","8"
"beaker-builder","8"
"cloudhub-deployer","8"
"embotics-vcommander","8"
"inedo-buildmaster","8"
"loadrunner","8"
"poll-mailbox-trigger","8"
"slsa","8"
"suite-test-groups-publisher","8"
"teststudioapitesting","8"
"uithemes","8"
"usemango-runner","8"
"vaddy-plugin","8"
"venafi-vcert","8"
"walti","8"
"build-health-cache-updater","9"
"cas1","9"
"cloudbees-enterprise-plugins","9"
"codescan","9"
"girls","9"
"graphql-server","9"
"monkit-plugin","9"
"opslevel","9"
"pipeline-editor","9"
"shutdown-queue","9"
"silk-performer-plugin","9"
"smartfrog-plugin","9"
"speaks","9"
"tcl","9"
"zohosprints","9"
"absint-a3","10"
"apifortress","10"
"artifactz","10"
"breachlock-dast","10"
"cloudbees-disk-usage-simple-plugin","10"
"codeclimate-plugin","10"
"copr","10"
"extensivetesting","10"
"helix-alm-test-management","10"
"humbug","10"
"javanet-uploader","10"
"jenkins-infra-test","10"
"koji","10"
"loaderio-jenkins-plugin","10"
"mdt-deployment","10"
"onesky","10"
"report-generic-chart-column","10"
"visualexpert","10"
"vrealize-automation-8","10"
"ws-ctm","10"
"alibabacloud-pkg-deployment","11"
"black-duck-sigma","11"
"build-executors-filter-offline","11"
"chaos-butler","11"
"cppunit","11"
"deveo","11"
"icescrum","11"
"jabber-server-plugin","11"
"jbpm-embedded-plugin","11"
"lacework-security-scanner","11"
"metadefender","11"
"metrics-ganglia","11"
"qrebel","11"
"redhat-codeready-dependency-analysis","11"
"report-diff","11"
"tinfoil-scan","11"
"updatebot","11"
"viber-notification","11"
"DotCi-InstallPackages","12"
"fogbugz","12"
"hadoop","12"
"hpe-network-virtualization","12"
"jenkinswalldisplay-pom","12"
"karaf-build-step","12"
"sahagin","12"
"schedule-build-plugin","12"
"smilehubnotifier","12"
"ssh2easy-plugin","12"
"teststudio","12"
"updraft-publisher","12"
"argus-notifier","13"
"cerberus-testing","13"
"cmvc","13"
"codethreat-scanner","13"
"deployhub","13"
"failedJobDeactivator","13"
"klaros-testmanagement","13"
"logentries","13"
"mock-load-builder","13"
"nutanix-calm","13"
"postgresql-fingerprint-storage","13"
"qualityclouds","13"
"reactor-plugin","13"
"simpleupdatesite","13"
"skenai","13"
"wsap","13"
"yammer","13"
"alauda-devops-pipeline","14"
"alibabacloud-edas","14"
"bitkeeper","14"
"collabnet-uc4-deploy","14"
"deploy-integrationserver","14"
"oracle-cloud-infrastructure-compute-classic","14"
"perl-smoke-test","14"
"quayio-trigger","14"
"sinatra-chef-builder","14"
"split-admin","14"
"stackify-deployment-recorder","14"
"thycotic-devops-secrets-vault","14"
"transifex","14"
"wso2id-oauth","14"
"eggplant-plugin","15"
"experitest-cloud","15"
"external-scheduler","15"
"flexdeploy","15"
"itms-junit-report-publisher","15"
"loadfocus-loadtest","15"
"packageversion","15"
"srcclr-installer","15"
"tattletale-plugin","15"
"ApicaLoadtest","16"
"bigpanda-jenkins","16"
"container-image-link","16"
"gcr-scanner","16"
"imagecomparison","16"
"itest","16"
"oes-template","16"
"osf-builder-suite-xml-linter","16"
"screenrecorder","16"
"sematext","16"
"tanaguru","16"
"testopia","16"
"threadfix","16"
"trunk-io","16"
"url-change-trigger","16"
"wallarm-fast","16"
"blackduck-installer","17"
"blink1","17"
"cavisson-ns-nd-integration","17"
"digicert-software-trust-gpg-sign","17"
"eiffel-broadcaster","17"
"hugo","17"
"icn-plugin-loader","17"
"nopmdverifytrac","17"
"packagecloud","17"
"qualys-iac-security","17"
"zdevops","17"
"azure-iot-edge","18"
"config-rotator","18"
"ease-plugin","18"
"node-sharing-orchestrator","18"
"package-drone","18"
"relution-publisher","18"
"sonatype-ci","18"
"tibco-builder","18"
"ws-execution-manager","18"
"ca-apm","19"
"ci-with-toad-edge","19"
"externalresource-dispatcher","19"
"forticwp-cicd","19"
"hyper-slaves","19"
"japex","19"
"meliora-testlab","19"
"rigor-optimization","19"
"azure-slave-plugin","20"
"collabnet-automic-deploy","20"
"harvest","20"
"helix-teamhub","20"
"portshift-scanner","20"
"qualys-api-security","20"
"reqtify","20"
"secret","20"
"squashtm-publisher","20"
"synopsys-sigma","20"
"testdroid-run-in-cloud","20"
"vmware-vrealize-codestream","20"
"clif-performance-testing","21"
"comments-remover","21"
"daily-quote","21"
"parallels-desktop","21"
"people-redirector","21"
"policycenter-gate-validator","21"
"random-job-builder","21"
"sealights","21"
"send-stacktrace-to-eclipse-plugin","21"
"vboxwrapper","21"
"alauda-pipeline","22"
"dagshub-branch-source","22"
"database-mariadb","22"
"jx-resources","22"
"mend-cloud-native-security-scanner","22"
"nuclei","22"
"overops-query","22"
"plain-text-console-link","22"
"portscanner","22"
"stoplightio-report","22"
"tag-profiler","22"
"webload","22"
"workplace-notifier","22"
"absint-astree","23"
"azure-cosmosdb","23"
"blueocean-analytics-tools","23"
"cloudevents","23"
"flashlog-plugin","23"
"ibm-application-security","23"
"job-strongauth-simple","23"
"shortcut-job","23"
"travis-yml","23"
"zaproxy","23"
"drupal-developer","24"
"jenkins-tag-cloud-plugin","24"
"jenkins-testswarm-plugin","24"
"pry","24"
"sametime","24"
"appio","25"
"assembla","25"
"attention","25"
"azure-event-grid-notifier","25"
"compuware-ispw-operations","25"
"mariadb-api","25"
"misra-compliance-report-generator","25"
"netdomain-labeler","25"
"perfecto","25"
"pipeline-cloudwatch-logs","25"
"vault-scm-plugin","25"
"yandex-cloud-workers","25"
"SCTMExecutor","26"
"datatheorem-mobile-app-security","26"
"ecu-test-execution","26"
"elasticbox","26"
"loadninja","26"
"nodepool-agents","26"
"pipeline-reporter-by-redpen","26"
"sra-deploy","26"
"adaptive-disconnector","27"
"alauda-devops-credentials-provider","27"
"casdoor-auth","27"
"cloudify","27"
"compuware-scm-downloader","27"
"compuware-xpediter-code-coverage","27"
"rallyBuild","27"
"sasunit-plugin","27"
"teamscale-upload","27"
"app-detector","28"
"better-pipeline-flowgraph-table","28"
"eggplant-runner","28"
"octoperf","28"
"probely-security","28"
"rrod","28"
"singleuseslave","28"
"abap-ci","29"
"deepsecurity-smartcheck","29"
"hp-operations-orchestration-automation-execution-plugin","29"
"nopmdcheck","29"
"perfectomobile","29"
"propelo-job-reporter","29"
"remote-result-trigger","29"
"skip-cron-rebuild","29"
"twitter","29"
"compuware-topaz-for-total-test","30"
"dotcommonitor-loadview","30"
"extension-filter","30"
"gating-core","30"
"pvcs_scm","30"
"rapiddeploy-jenkins","30"
"script-scm","30"
"bmc-rpd","31"
"codebeamer-result-trend-updater","31"
"extreme-feedback","31"
"inflectra-spira-integration","31"
"labmanager","31"
"rancher","31"
"remoting-security-workaround","31"
"talend","31"
"unreliable-slave-plugin","31"
"aqua-serverless","32"
"continuum","32"
"deploydb","32"
"flock","32"
"ibm-cloud-devops","32"
"jslint-checkstyle","32"
"link-column","32"
"AdaptivePlugin","33"
"browser-axis-plugin","33"
"ci-with-toad-devops-toolkit","33"
"defensics","33"
"fast-track","33"
"gallio","33"
"jucies","33"
"kmap-jenkins","33"
"open-stf","33"
"openedge","33"
"unicorn","33"
"view26","33"
"codescene","34"
"huaweicloud-credentials","34"
"infisical","34"
"ipmessenger-plugin","34"
"jbpm-workflow-plugin","34"
"loadimpact-plugin","34"
"plasticscm-mergebot","34"
"signal-killer","34"
"zanata","34"
"accelq-ci-connect","35"
"clearcase-release","35"
"cloudbees-feature-management","35"
"delphix","35"
"diawi-upload","35"
"emoji-symbols-api","35"
"ifttt-build-notifier","35"
"ontrack","35"
"piketec-tpt","35"
"pragprog","35"
"safe-batch-environment-filter","35"
"xlrelease-var-setter","35"
"azure-dev-spaces","36"
"compuware-topaz-utilities","36"
"crittercism-dsym","36"
"vmware-vrealize-orchestrator","36"
"osf-builder-suite-for-sfcc-run-job","37"
"rad-builder","37"
"redis-notifier","37"
"tuleap-oauth","37"
"codebeamer-coverage-publisher","38"
"copyarchiver","38"
"partyparrotstatus","38"
"views-containing-job","38"
"anka-build","39"
"metrics-aggregation","39"
"paginated-builds","39"
"xpath-config-viewer","39"
"arachni-scanner","40"
"catlight","40"
"cloudshell-sandbox","40"
"codescanner","40"
"drecycler","40"
"extended-timer-trigger","40"
"housekeeper","40"
"locked-files-report","40"
"rqm-plugin","40"
"simple-travis-runner","40"
"testabilityexplorer","40"
"testquality-updater","40"
"thread-dump-action-plugin","40"
"url-auth","40"
"assembla-auth","41"
"hue-light","41"
"kanboard","41"
"mdtool","41"
"trac-publisher-plugin","41"
"bearychat","42"
"concordionpresenter","42"
"testsigma","42"
"crowdstrike-security","43"
"debian-pbuilder","43"
"machine-learning","43"
"starteam","43"
"exclusive-label-plugin","44"
"gcm-notification","44"
"m2-extra-steps","44"
"pipeline-giphy-api","44"
"pipeline-project-env","44"
"benchmark-evaluator","45"
"build-node-column","45"
"design-library","45"
"fortify360","45"
"instana","45"
"redhat-dependency-analytics","45"
"tics","45"
"bumblebee","46"
"chef-cookbook-pipeline","46"
"deployment-sphere","46"
"distTest","46"
"eclipse-update-site","46"
"rb","46"
"async-job","47"
"generic-environment-filters","47"
"google-analytics-usage-reporter","47"
"google-cloud-health-check","47"
"growl","47"
"urbancode-velocity","47"
"bazaar","48"
"codefresh","48"
"concurrent-login-plugin","48"
"dimensionsscm","48"
"puppet-enterprise-pipeline","48"
"report-jtreg","48"
"emotional-hudson","49"
"rhnpush-plugin","49"
"aws-beanstalk-releaser","50"
"kubesphere-token-auth","50"
"perl","50"
"redis-fingerprint-storage","50"
"schedule-failed-builds","50"
"youtrack-plugin","50"
"zmq-event-publisher","50"
"ColumnsPlugin","51"
"compressed_files_viewer","51"
"gem-publisher","51"
"keep-slave-disconnected","51"
"leiningen-plugin","51"
"nirmata","51"
"recipe","51"
"results-cache","51"
"synergy","51"
"wavefront","51"
"appetize","52"
"osf-builder-suite-for-sfcc-data-import","52"
"pangolin-testrail-connector","52"
"TwilioNotifier","53"
"associated-files","53"
"chef-tracking","53"
"skytap","53"
"vmware-vrealize-automation-plugin","53"
"cloudbees-plugin-gateway","54"
"fortify-cloudscan-jenkins-plugin","54"
"issue-link","54"
"scm-filter-jervis","54"
"DotCi-DockerPublish","55"
"matrix-communication","55"
"cisco-spark","56"
"depbuilder","56"
"device-watcher","56"
"provar-automation","56"
"storable-configs-plugin","56"
"testflight","56"
"copado","57"
"dotcoverrunner","57"
"jobcacher-artifactory-storage","57"
"pipeline-huaweicloud-plugin","57"
"restricted-register","57"
"scm-httpclient","57"
"alauda-kubernetes-support","58"
"buckminster","58"
"codebeamer-xunit-uploader","58"
"coverage-badges-extension","58"
"diagnostics","59"
"environment-manager","59"
"generic-tool","59"
"gitcolony-plugin","59"
"neuro-cucumber","59"
"veracode-scanner","59"
"worktile","59"
"emmacoveragecolumn","60"
"one-shot-executor","60"
"utplsql","60"
"venafi-codesigning","60"
"vss","60"
"codedx","61"
"deploygate-plugin","61"
"clearcase-ucm-baseline","62"
"jsm-alert","62"
"adobe-cloud-manager","63"
"cvs-tag","63"
"inedo-proget","63"
"qiniu","63"
"stackrox-container-image-scanner","63"
"chrome-frame-plugin","64"
"cron-shelve","64"
"persistent-build-queue-plugin","64"
"qualys-pc","64"
"rubymotion","64"
"coding-webhook","65"
"myst-plugin","65"
"build-flow-test-aggregator","66"
"amazon-inspector-image-scanner","67"
"jwt-support","67"
"logback-nats-appender","67"
"mabl-integration","67"
"minio-storage","67"
"remoting-kafka","67"
"runscope","67"
"assembla-merge-request-builder","69"
"mysql-job-databases","69"
"pipeline-classpath","69"
"salesforce-migration-assistant-plugin","69"
"agent-loadbalance","70"
"dbCharts","70"
"alibabacloud-ecs","71"
"implied-labels","71"
"requests","71"
"sonic-ci-helper","71"
"tekton-client","71"
"ui-test-capture","71"
"Surround-SCM-plugin","72"
"console-navigation","72"
"play-autotest-plugin","72"
"ca-service-virtualization","73"
"jshint-checkstyle","73"
"qmetry-test-management","73"
"setenv","73"
"TestFairy","74"
"build-line","74"
"groovyaxis","74"
"simpleclearcase","74"
"ci-skip","75"
"cluster-stats","75"
"drmemory-plugin","75"
"azure-batch-parallel","76"
"build-flow-toolbox-plugin","76"
"chef","76"
"codebeamer-xunit-importer","76"
"environment-variable-page-decoration","76"
"hyper-build-step","76"
"jna-posix-api","76"
"log-cli","76"
"logaction-plugin","78"
"applitools-eyes","79"
"brakeman","79"
"google-git-notes-publisher","79"
"jenkinsci-appspider-plugin","79"
"keeper-secrets-manager","79"
"maintenance-jobs-scheduler","79"
"SSSCM","80"
"doktor","80"
"memegen","80"
"performance-signature-dynatrace","80"
"validating-yaml-parameter","80"
"computer-queue-plugin","81"
"compuware-common-configuration","81"
"crowd","81"
"cygwin-process-killer","81"
"gerrit","81"
"googleanalytics","81"
"qualys-vm","81"
"hetzner-cloud","82"
"url-filter","82"
"bds-plugin","83"
"dumpinfo-buildwrapper-plugin","83"
"pom2config","83"
"sourcemonitor","83"
"visual-basic-6","83"
"cloudbees-devoptics-enabler","84"
"jcaptcha-plugin","85"
"mktmpio","85"
"scis-ad","85"
"btc-embeddedplatform","86"
"mentor-questa-vrm","86"
"monitor-remote-job","86"
"piwikanalytics","86"
"xtrigger","86"
"assertthat-bdd-jira","87"
"jsoup","87"
"tuleap-git-branch-source","87"
"aio-tests","88"
"build-flow-extensions-plugin","88"
"chartjs-api","88"
"composer-security-checker","89"
"debian-package-builder","89"
"remoting-opentelemetry","89"
"agent-maintenance","90"
"database-drizzle","90"
"digicert-software-trust-code-sign","90"
"vmanager-plugin","90"
"enhanced-credentials","91"
"global-yaml-properties","91"
"mongodb-document-upload","91"
"benchmark","92"
"scm-sqs","93"
"installshield","94"
"qmetry-for-jira-test-management","94"
"thycotic-secret-server","94"
"osf-builder-suite-for-sfcc-deploy","95"
"pathignore","95"
"spring-config","95"
"testflo-for-jira-test-management-automation","95"
"zos-connector","95"
"android-apk-size-watcher","96"
"mailmap-resolver","96"
"neuvector-vulnerability-scanner","96"
"gcp-java-sdk-storage","97"
"keepSlaveOffline","97"
"mqtt-notification-plugin","97"
"collabnet","98"
"dbforge-devops-automation-for-sqlserver","98"
"ghost-inspector","98"
"gnat","98"
"ibm-security-appscansource-scanner","98"
"google-admin-sdk","99"
"bugzilla","100"
"ecutest","100"
"excludeMatrixParent","100"
"oki-docki","100"
"clang-scanbuild-plugin","101"
"nsiqcollector","101"
"scripted-cloud-plugin","101"
"synopsys-security-scan","101"
"DotCi","102"
"aws-yum-parameter","102"
"azure-kubernetes-credentials","102"
"ec2-cloud-axis","102"
"pipeline-gcp","102"
"rally-plugin","102"
"service-fabric","103"
"phabricator-k8s","104"
"puppet","104"
"acunetix-360-scan","105"
"chosen-views-tabbar","105"
"performance-signature-dynatracesaas","105"
"autocancel","106"
"clearcase-ucm-api","106"
"cloudtest","106"
"escaped-markup-plugin","106"
"appaloosa-plugin","107"
"autocomplete-parameter","107"
"beer","107"
"defectdojo","107"
"aws-batch","108"
"tuleap-api","108"
"websocketin-notification","108"
"ios-device-connector","111"
"osf-builder-suite-for-sfcc-credentials","111"
"pipeline-keep-running-step","112"
"scala-junit-name-decoder","112"
"database-h2","113"
"figlet-buildstep","113"
"hp-quality-center","113"
"azure-publishersettings-credentials","114"
"buildcontext-capture","114"
"elasticsearch-query","114"
"qc","114"
"persona","115"
"windocks-start-container","115"
"fluentd","116"
"github-sqs-plugin","116"
"internetmeme","116"
"mantis","116"
"node-sharing-executor","116"
"performance-signature-viewer","116"
"conventional-commits","117"
"enhanced-metrics","117"
"gcp-java-sdk-auth","117"
"hyper-commons","117"
"aws-sqs","118"
"ezwall","118"
"fabric-beta-publisher","118"
"jmh-report","118"
"kafkalogs","118"
"ui-samples-plugin","118"
"blackduck-hub","119"
"dynatrace-dashboard","119"
"jigomerge","119"
"lifx-notifier","119"
"chosen","120"
"chroot","120"
"environment-filter-utils","120"
"feature-branch-notifier","120"
"sysdig-secure","120"
"behave-testresults-publisher","121"
"offlineonfailure-plugin","122"
"protecode-sc","122"
"search-all-results-plugin","122"
"spring-initalzr","122"
"jms-messaging","123"
"testingbot","123"
"cortex-metrics","124"
"ecs-publisher","124"
"google-api-client-plugin","124"
"violation-columns","124"
"gcal","125"
"kubernetes-ci","126"
"cpptest","127"
"ibm-security-appscanstandard-scanner","127"
"tool-labels-plugin","127"
"git-bisect","128"
"accurev","129"
"cloudshare-docker","129"
"codeql","129"
"strawboss","129"
"testproject","129"
"clearcase-ucm-plugin","130"
"llvm-cov","130"
"mixing-security-realm","130"
"CustomHistory","131"
"cloudbees-enabler","131"
"inodes-monitor","131"
"slave-squatter","131"
"chatter-notifier","132"
"html-audio-notifier","132"
"r","132"
"csp","133"
"mock-security-realm","133"
"autoaction-step","134"
"javatest-report","136"
"opentelemetry-agent-metrics","136"
"skype-notifier","136"
"suppress-stack-trace","136"
"alibabacloud-credentials","137"
"labeled-test-groups-publisher","137"
"redmine-metrics-report","137"
"tricentis-ci","137"
"mttr","138"
"testcafe","138"
"aws-java-sdk-sts","140"
"ftp-rename","140"
"json-editor-parameter","140"
"servicenow-devops","141"
"crx-content-package-deployer","142"
"github-release","142"
"jswidgets","142"
"sms","142"
"add-changes-to-build-changelog","143"
"aws-java-sdk-s3","144"
"jenkins-reviewbot","144"
"micro-focus-performance-center-integration","144"
"zulip","144"
"vncrecorder","145"
"azure-vmss","146"
"codebuild-cloud","147"
"aws-java-sdk-kms","148"
"livescreenshot","148"
"dependency-queue-plugin","149"
"git-notes","149"
"google-deployment-manager","149"
"onepassword-secrets","149"
"rapid7-insightvm-container-assessment","149"
"graphiteIntegrator","150"
"ivy-report","150"
"team-views","151"
"clamav","152"
"mathworks-polyspace","152"
"agent-server-parameter","153"
"aqua-microscanner","153"
"commit-message-trigger-plugin","153"
"aws-java-sdk-jmespath","154"
"pending-changes","154"
"pipeline-bamboo","155"
"selection-tasks-plugin","155"
"spotinst","155"
"lambda-test-runner","156"
"reportportal","157"
"kubernetes-pipeline-aggregator","158"
"teamconcert-git","158"
"zoom","158"
"aws-java-sdk-core","159"
"oracle-cloud-infrastructure-devops","159"
"kubernetes-pipeline-arquillian-steps","160"
"sidebar-update-notification","160"
"datetime-constraint","161"
"jobrequeue","161"
"rabbitmq-publisher","161"
"crossbrowsertesting","162"
"form-element-path","162"
"leapwork","162"
"jobdelete-builder","163"
"label-verifier","163"
"compound-slaves","164"
"log-command","164"
"scons","164"
"fireline","165"
"consul","166"
"monitor-pro","166"
"multibranch-job-tear-down","166"
"qftest","166"
"openshift-deployer","167"
"pipeline-keepenv-step","168"
"polarion","168"
"working-hours","168"
"zephyr-for-jira-test-management","168"
"dumpling","169"
"pipeline-agent-build-history","169"
"acunetix","170"
"proc-cleaner-plugin","170"
"php-builtin-web-server","172"
"list-command","173"
"marathon","174"
"proxmox","174"
"kiuwanJenkinsPlugin","175"
"trac","176"
"capitomcat","177"
"gitea-pat-kubernetes-credentials","177"
"webhook-eventsource","178"
"integrity-plugin","179"
"codebuilder-cloud","180"
"mongodb","180"
"rbenv","180"
"multi-branch-priority-sorter","181"
"phoenix-autotest","181"
"qualys-cs","181"
"artifact-repository-parameter","183"
"wix","183"
"block-build-final-project","184"
"google-cloud-backup","184"
"nowsecure-auto-security-test","185"
"opencover","185"
"php","185"
"rpmsign-plugin","185"
"secure-post-script","186"
"codecover","187"
"sicci_for_xcode","188"
"additional-identities-plugin","189"
"compatibility-action-storage","190"
"prisma-cloud-iac-scan","190"
"manage-permission","191"
"neoload-jenkins-plugin","191"
"servicenow-cicd","193"
"aws-cloudwatch-logs-publisher","194"
"commons-lang-api","194"
"redgate-sql-ci","194"
"s3explorer","195"
"platformlabeler","198"
"avatar","199"
"gitblit","199"
"generic-event","200"
"environment-labels-setter","201"
"block-same-builds","202"
"jwt-auth","202"
"nested-data-reporting","203"
"no-agent-job-purge","203"
"eks-token","204"
"genexus","204"
"openshift-k8s-credentials","204"
"devops-portal","205"
"dtkit","205"
"xlrelease-plugin","205"
"delete-log-plugin","206"
"buildrotator","208"
"git-automerger","208"
"hockeyapp","208"
"security-inspector","208"
"database-sqlite","209"
"deploy-dashboard","209"
"loadfocus-jmeter-load-testing-integration","210"
"periodic-reincarnation","212"
"advanced-installer-msi-builder","214"
"contrast-continuous-application-security","218"
"performance-signature-ui","219"
"aws-sqs-trigger","221"
"upstream-downstream-view","221"
"virtualbox","221"
"insightappsec","223"
"numeraljs","223"
"chef-identity","224"
"grails","225"
"rabbitmq-build-trigger","225"
"osf-builder-suite-standalone-sonar-linter","226"
"yaml-axis","229"
"artifactory-artifact-manager","230"
"cccc","230"
"junit-sql-storage","230"
"loadrunner-cloud","230"
"coordinator","231"
"remote-jobs-view-plugin","231"
"config-driven-pipeline","232"
"audit2db","233"
"jobtag","233"
"script-realm","234"
"sqlserver-api","236"
"vectorcast-execution","236"
"ircbot","237"
"slave-prerequisites","237"
"electricflow","238"
"jobtemplates","238"
"autograding","239"
"testcomplete11-xunit","242"
"package-parameter","243"
"vagrant","243"
"lastfailureversioncolumn","244"
"was-builder","246"
"artifactory-client-api","247"
"github-coverage-reporter","248"
"grypescanner","249"
"jsunit","249"
"slave-proxy","249"
"jboss","250"
"artifact-diff-plugin","251"
"parameter-pool","252"
"selenium-aes","252"
"jackson-databind","253"
"thucydides","253"
"influxdb-query","255"
"pull-request-monitoring","255"
"zephyr-enterprise-test-management","256"
"validating-email-parameter","257"
"prqa-plugin","258"
"publish-over-dropbox","258"
"BlazeMeterJenkinsPlugin","259"
"synopsys-polaris","259"
"metadata","261"
"database-sqlserver","262"
"keyboard-shortcuts-plugin","262"
"custom-markup-formatter","263"
"muuri-api","263"
"libvirt-slave","264"
"chatwork","265"
"42crunch-security-audit","266"
"digitalocean-plugin","266"
"mailcommander","266"
"metrics-graphite","266"
"cli-commander","267"
"deployer-framework","267"
"build-alias-setter","268"
"harbor","269"
"describe-with-params","270"
"vectorcast-coverage","272"
"NegotiateSSO","274"
"aws-lambda-cloud","275"
"scm-manager","275"
"lambdatest-automation","276"
"xfpanel","276"
"cisco-spark-notifier","277"
"network-monitor","277"
"nomad","277"
"teams-webhook-trigger","277"
"azure-acs","278"
"appdynamics-dashboard","281"
"google-cloudbuild","282"
"dos-trigger","283"
"gitflow","283"
"job-direct-mail","283"
"macstadium-orka","285"
"azure-function","289"
"jython","289"
"selenium-axis","289"
"jenkins-flowdock-plugin","290"
"lastsuccessversioncolumn","290"
"msginject","290"
"backlog","291"
"bootstrap","293"
"pipeline-gitstatuswrapper","296"
"scripttrigger","300"
"github-app-kubernetes-credentials","301"
"aws-sam","302"
"ci-game","302"
"github-scm-filter-jira-validator","302"
"hubot-steps","303"
"plasticscm-plugin","303"
"url-auth-sso","304"
"pwauth","306"
"short-workspace-path","306"
"pitmutation","307"
"semantic-versioning-plugin","307"
"lenientshutdown","308"
"project-health-report","308"
"ranorex-integration","308"
"BlameSubversion","310"
"jslint","310"
"mock-slave","311"
"jobtype-column","312"
"qualys-was","314"
"crap4j","316"
"gearman-plugin","316"
"lighthouse-report","317"
"sounds","317"
"mq-notifier","320"
"websocket","320"
"regression-report-plugin","322"
"metrics-datadog","323"
"git-prebuildmerge-trait","324"
"stepcounter","328"
"flow","330"
"linenumbers","331"
"service-now","334"
"svncompat13","335"
"wxwork-notification","335"
"deployment-notification","338"
"cppncss","339"
"seed","345"
"post-completed-build-result","346"
"viewVC","346"
"javancss","348"
"jobrevision","348"
"pyenv","348"
"wildfly-deployer","348"
"deployed-on-column","349"
"azure-artifact-manager","351"
"whitesource","351"
"rest-list-parameter","352"
"netsparker-cloud-scan","353"
"dotnet-as-script","356"
"github-scm-filter-aged-refs","356"
"jx-pipelines","356"
"queue-cleanup","357"
"memory-map","358"
"accelerated-build-now-plugin","359"
"azure-container-registry-tasks","359"
"view-cloner","361"
"appscan","368"
"dry-run","369"
"matrixtieparent","369"
"syslog-logger","369"
"clang-scanbuild","370"
"extended-security-settings","370"
"job-fan-in","370"
"groovy-events-listener-plugin","374"
"distfork","375"
"seleniumrc-plugin","375"
"serenity","376"
"variables-replace-plugin","376"
"pipeline-input-notification","377"
"vncviewer","378"
"ws-ws-replacement","378"
"Matrix-sorter-plugin","383"
"archived-artifact-url-viewer","383"
"multi-module-tests-publisher","383"
"uipath-automation-package","384"
"vsts-cd","384"
"consul-kv-builder","387"
"build-steps-from-json","388"
"cucumber","393"
"cctray-xml","394"
"opsgenie","394"
"pretested-integration","395"
"countjobs-viewstabbar","396"
"remote-terminal-access","397"
"ec2-deployment-dashboard","398"
"cocoapods-integration","400"
"covcomplplot","400"
"rvm","400"
"coverity","401"
"selected-tests-executor","401"
"StashBranchParameter","402"
"mac","402"
"conjur-simple-integration","405"
"gerrit-checks-api","406"
"kubernetes-pipeline-steps","406"
"bitbucket-kubernetes-credentials","407"
"aws-beanstalk-publisher-plugin","409"
"disable-failed-job","410"
"matlab","411"
"concurrent-step","414"
"aws-codecommit-trigger","416"
"windows-cloud","416"
"fxcop-runner","420"
"github-label-filter","420"
"job-node-stalker","420"
"started-by-envvar","420"
"release-helper","421"
"console-tail","423"
"minio","424"
"svn-partial-release-mgr","427"
"pipeline-restful-api","428"
"global-pre-script","429"
"jgiven","429"
"miniorange-two-factor","429"
"terminal","429"
"tmpcleaner","430"
"kotlin-v1-stdlib-jdk8","432"
"tracking-git","432"
"console-badge","434"
"gatling-check","435"
"azure-credentials-ext","436"
"configuration-as-code-support","436"
"jira-integration","438"
"job-log-logger-plugin","439"
"prereq-buildstep","440"
"backup-interrupt-plugin","441"
"saltstack","441"
"websphere-deployer","441"
"git-chooser-alternative","443"
"logging","443"
"bitbucket-approval-filter","447"
"liquibase-runner","448"
"extreme-notification","449"
"phabricator-plugin","449"
"diskcheck","450"
"dynamic-search-view","454"
"unique-id","456"
"bitbucket-scm-filter-jira-validator","460"
"URLSCM","461"
"customized-build-message","461"
"hsts-filter-plugin","461"
"template-workflows","461"
"scm2job","462"
"testlink","462"
"oss-symbols-api","464"
"htmlresource","465"
"vs-code-metrics","466"
"custom-build-properties","467"
"patch-parameter","467"
"jabber","471"
"snsnotify","471"
"testcomplete-xunit","472"
"jenkinslint","473"
"sumologic-publisher","473"
"createjobadvanced","474"
"selenium-builder","478"
"gradle-daemon","480"
"parasoft-findings","483"
"azure-container-agents","484"
"codecommit-url-helper","491"
"tracking-svn","492"
"description-column-plugin","493"
"sonargraph-plugin","495"
"jenkins-cloudformation-plugin","499"
"labelled-steps","500"
"outbound-webhook","503"
"build-env-propagator","504"
"jclouds-jenkins","504"
"git-userContent","505"
"redeploy-rancher2-workload","505"
"customize-build-now","508"
"bitbucket-scm-filter-aged-refs","512"
"ivytrigger","514"
"bitbucket-pullrequests-filter","519"
"ccm","519"
"mesos","521"
"aws-device-farm","522"
"simple-queue","524"
"call-remote-job-plugin","526"
"perforce","527"
"soapui-pro-functional-testing","533"
"cloudbees-jenkins-advisor","534"
"secure-requester-whitelist","534"
"lucene-search","537"
"checkmarx-ast-scanner","547"
"pipeline-as-yaml","549"
"svn-tag","555"
"fitnesse","556"
"mashup-portlets-plugin","556"
"phing","556"
"cucumber-living-documentation","563"
"log-file-filter","564"
"flyway-api","572"
"maven-release-cascade","576"
"zap-pipeline","576"
"display-upstream-changes","578"
"slave-utilization-plugin","578"
"pipeline-deploymon","579"
"github-branch-pr-change-filter","581"
"svnmerge","583"
"kerberos-sso","585"
"oidc-provider","585"
"disable-job-button","588"
"build-publisher","597"
"oracle-cloud-infrastructure-compute","599"
"job-poll-action-plugin","600"
"aws-codecommit-jobs","601"
"dropdown-viewstabbar-plugin","602"
"cygpath","605"
"statistics-gatherer","605"
"openid","607"
"tm4j-automation","612"
"extra-tool-installers","613"
"config-autorefresh-plugin","615"
"aqua-security-scanner","616"
"openshift-pipeline","617"
"configure-job-column-plugin","618"
"image-gallery","625"
"select2-api","625"
"file-leak-detector","627"
"deployit-plugin","628"
"publish-to-bitbucket","628"
"android-lint","636"
"mina-sshd-api-sftp","639"
"AnchorChain","643"
"google-source-plugin","646"
"read-only-configurations","646"
"project-inheritance","647"
"gerrit-verify-status-reporter","649"
"rubyMetrics","649"
"newrelic-deployment-notifier","650"
"uptime","651"
"additional-metrics","659"
"azure-app-service","663"
"octopusdeploy","674"
"favorite-view","676"
"job-exporter","677"
"mina-sshd-api-scp","678"
"weblogic-deployer-plugin","678"
"collapsing-console-sections","684"
"build-view-column","685"
"custom-view-tabs","689"
"rabbitmq-consumer","689"
"enhanced-old-build-discarder","690"
"notify-events","692"
"conjur-credentials","693"
"aliyun-oss-uploader","697"
"custom-job-icon","697"
"scoverage","708"
"hudson-pview-plugin","714"
"gitea-checks","716"
"files-found-trigger","717"
"emotional-jenkins-plugin","721"
"environment-dashboard","721"
"katalon","728"
"gcp-secrets-manager-credentials-provider","732"
"job-parameter-summary","734"
"html5-notifier-plugin","735"
"valgrind","735"
"gcloud-sdk","741"
"zapper","743"
"antexec","749"
"mission-control-view","749"
"klocwork","750"
"systemloadaverage-monitor","755"
"run-selector","758"
"metrics-diskusage","767"
"percentage-du-node-column","768"
"matrix-reloaded","771"
"random-string-parameter","771"
"cucumber-slack-notifier","772"
"winrm-client","782"
"ant-in-workspace","785"
"build-symlink","786"
"teamconcert","788"
"doclinks","796"
"pipeline-maven-database","796"
"python-wrapper","796"
"rundeck","797"
"shared-objects","797"
"violation-comments-to-github","797"
"bootstraped-multi-test-results-report","804"
"audit-log","808"
"batch-task","811"
"pipeline-dependency-walker","811"
"flyway-runner","813"
"fortify-on-demand-uploader","820"
"svn-revert-plugin","821"
"cas-plugin","828"
"editable-choice","833"
"groovy-remote","833"
"jenkinswalldisplay","833"
"openstack-cloud","833"
"export-params","836"
"xshell","836"
"elastic-axis","839"
"radiatorviewplugin","839"
"exclusive-execution","843"
"terminate-ssh-processes-plugin","843"
"pegdown-formatter","850"
"Exclusion","851"
"testInProgress","860"
"upload-pgyer","863"
"block-queued-job","868"
"matrix-groovy-execution-strategy","879"
"sitemonitor","880"
"bitbucket-filter-project-trait","884"
"bulk-builder","884"
"bitbucket-approve","885"
"multi-slave-config-plugin","885"
"nexus-task-runner","885"
"create-fingerprint","888"
"simple-build-for-pipeline","889"
"appcenter","890"
"android-signing","893"
"scalable-amazon-ecs","893"
"nodenamecolumn","894"
"heavy-job","900"
"statusmonitor","901"
"redmine","902"
"docker-traceability","906"
"openshift-login","910"
"violation-comments-to-stash","910"
"docker-swarm","925"
"promoted-builds-simple","933"
"pipeline-global-lib-nexus","941"
"report-info","949"
"markdown-formatter","957"
"dingding-json-pusher","964"
"tasks","966"
"simple-parameterized-builds-report","969"
"openid4java","973"
"display-console-output","980"
"xframe-filter-plugin","980"
"compress-buildlog","983"
"disable-github-multibranch-status","986"
"cloverphp","989"
"cucumber-perf","1001"
"pagerduty","1001"
"build-history-manager","1003"
"jdepend","1005"
"unleash","1005"
"telegram-notifications","1009"
"build-time-blame","1046"
"ignore-committer-strategy","1046"
"rocketchatnotifier","1050"
"custom-checkbox-parameter","1056"
"stash-pullrequest-builder","1060"
"cloudfoundry","1061"
"emma","1070"
"parallel-test-executor","1070"
"github-issues","1072"
"http-post","1073"
"test-stability","1075"
"copy-data-to-workspace-plugin","1077"
"windows-exe-runner","1087"
"rake","1089"
"openshift-sync","1093"
"awseb-deployment-plugin","1102"
"google-kubernetes-engine","1108"
"change-assembly-version-plugin","1114"
"anchore-container-scanner","1118"
"changelog-history","1121"
"TestComplete","1124"
"build-cause-run-condition","1132"
"build-flow-plugin","1137"
"zap","1154"
"dry","1156"
"global-post-script","1158"
"flaky-test-handler","1162"
"crowd2","1163"
"google-container-registry-auth","1166"
"scm-filter-branch-pr","1167"
"hipchat","1168"
"dynamic-axis","1171"
"sauce-ondemand","1176"
"multibranch-action-triggers","1184"
"anything-goes-formatter","1185"
"perfpublisher","1187"
"maven-snapshot-check","1194"
"content-replace","1200"
"poll-mailbox-trigger-plugin","1211"
"skip-notifications-trait","1220"
"progress-bar-column-plugin","1230"
"configuration-as-code-secret-ssm","1250"
"cucumber-trends-report","1253"
"yet-another-docker-plugin","1263"
"jobcopy-builder","1264"
"postgresql-api","1272"
"qtest","1279"
"aws-secrets-manager-secret-source","1281"
"project-build-times","1282"
"jobcacher","1283"
"gravatar","1285"
"logfilesizechecker","1294"
"gitbucket","1303"
"bitbucket-scm-trait-commit-skip","1313"
"maven-deployment-linker","1314"
"jira-ext","1315"
"scmskip","1316"
"jqs-monitoring","1317"
"shared-workspace","1318"
"selenium","1327"
"tfs","1327"
"xvnc","1327"
"inline-pipeline","1329"
"gradle-repo","1330"
"mysql-api","1331"
"aws-parameter-store","1347"
"dynamicparameter","1347"
"doxygen","1352"
"ftppublisher","1354"
"gerrit-code-review","1357"
"toolenv","1360"
"label-linked-jobs","1363"
"external-workspace-manager","1369"
"filesystem_scm","1374"
"tap","1374"
"JiraTestResultReporter","1377"
"copy-project-link","1378"
"database-postgresql","1382"
"aws-codepipeline","1383"
"declarative-pipeline-migration-assistant","1398"
"people-view","1401"
"gogs-webhook","1404"
"custom-folder-icon","1408"
"github-scm-trait-notification-context","1408"
"hp-application-automation-tools-plugin","1419"
"buildgraph-view","1427"
"changes-since-last-success","1427"
"jobgenerator","1431"
"svn-workspace-cleaner","1436"
"build-keeper-plugin","1441"
"gitlab-kubernetes-credentials","1442"
"veracode-scan","1442"
"github-scm-trait-commit-skip","1446"
"slack-uploader","1462"
"azure-vm-agents","1463"
"multiselect-parameter","1466"
"compress-artifacts","1467"
"google-compute-engine","1480"
"all-changes","1485"
"readonly-parameters","1493"
"azure-cli","1494"
"packer","1497"
"azure-keyvault","1508"
"update-sites-manager","1527"
"windows-azure-storage","1528"
"dependencyanalyzer","1537"
"test-results-aggregator","1537"
"synopsys-coverity","1542"
"ownership","1559"
"sonarqube-generic-coverage","1559"
"aws-codebuild","1566"
"aws-bucket-credentials","1579"
"copy-to-slave","1580"
"scoring-load-balancer","1581"
"dockerhub-notification","1590"
"pipeline-cps-http","1598"
"artifact-promotion","1602"
"templating-engine","1610"
"sonar-gerrit","1624"
"yet-another-build-visualizer","1627"
"browserstack-integration","1635"
"modernstatus","1646"
"analysis-collector","1650"
"groovy-label-assignment","1650"
"github-pr-coverage-status","1661"
"clearcase","1662"
"nant","1669"
"summary_report","1669"
"codesonar","1672"
"sqlplus-script-runner","1683"
"image-tag-parameter","1689"
"sloccount","1696"
"downstream-ext","1702"
"pollscm","1702"
"keycloak","1705"
"repository","1710"
"build-history-metrics-plugin","1712"
"instant-messaging","1724"
"pipeline-config-history","1727"
"any-buildstep","1740"
"discord-notifier","1761"
"build-notifications","1765"
"vstestrunner","1775"
"scm-sync-configuration","1798"
"svncompat14","1806"
"byte-buddy-api","1825"
"google-storage-plugin","1854"
"downstream-build-cache","1861"
"secondary-timestamper-plugin","1863"
"fortify","1864"
"aws-lambda","1865"
"splunk-devops-extend","1866"
"text-finder-run-condition","1876"
"ez-templates","1883"
"filesystem-list-parameter-plugin","1883"
"buildresult-trigger","1895"
"declarative-pipeline-migration-assistant-api","1905"
"android-emulator","1909"
"xray-connector","1925"
"template-project","1936"
"junit-realtime-test-reporter","1954"
"fail-the-build-plugin","1956"
"maven-repo-cleaner","1973"
"clone-workspace-scm","1974"
"database-mysql","1979"
"google-chat-notification","1981"
"violation-comments-to-gitlab","1985"
"compact-columns","1992"
"google-play-android-publisher","1992"
"run-condition-extras","1992"
"unity3d-plugin","2001"
"slave-status","2003"
"opentelemetry","2007"
"sbt","2036"
"project-stats-plugin","2038"
"vsphere-cloud","2052"
"kpp-management-plugin","2055"
"opentelemetry-api","2055"
"build-metrics","2058"
"console-column-plugin","2071"
"envfile","2093"
"calendar-view","2098"
"pmd","2120"
"codedeploy","2123"
"cron_column","2132"
"ldapemail","2136"
"openshift-client","2136"
"github-pr-comment-build","2179"
"chromedriver","2180"
"jenkins-jira-issue-updater","2187"
"git-forensics","2218"
"text-file-operations","2224"
"project-description-setter","2230"
"maven-dependency-update-trigger","2240"
"findbugs","2242"
"git-tag-message","2244"
"matrix-combinations-parameter","2300"
"seleniumhtmlreport","2301"
"kubernetes-cd","2308"
"nuget","2314"
"cmakebuilder","2329"
"build-discarder","2342"
"artifact-manager-s3","2348"
"maven-metadata-plugin","2349"
"google-metadata-plugin","2365"
"chucknorris","2376"
"fstrigger","2382"
"workflow-remote-loader","2385"
"global-variable-string-parameter","2388"
"mattermost","2396"
"leastload","2397"
"multi-branch-project-plugin","2408"
"shelve-project-plugin","2420"
"ec2-fleet","2425"
"reverse-proxy-auth-plugin","2425"
"rich-text-publisher-plugin","2427"
"cucumber-testresult-plugin","2444"
"dotnet-sdk","2447"
"miniorange-saml-sp","2447"
"snyk-security-scanner","2464"
"confluence-publisher","2466"
"violations","2475"
"cloudbees-credentials","2485"
"github-autostatus","2492"
"build-token-trigger","2497"
"release","2503"
"npm-yarn-wrapper-steps","2510"
"urltrigger","2535"
"downstream-buildview","2544"
"port-allocator","2550"
"slave-setup","2554"
"xml-job-to-job-dsl","2560"
"warnings","2581"
"docker-custom-build-environment","2601"
"mstestrunner","2616"
"solarized-theme","2636"
"pipeline-timeline","2675"
"blackduck-detect","2678"
"sonargraph-integration","2713"
"openJDK-native-plugin","2742"
"last-changes","2743"
"zentimestamp","2802"
"multibranch-build-strategy-extension","2828"
"clover","2876"
"maven-invoker-plugin","2912"
"cors-filter","2919"
"environment-script","2920"
"qy-wechat-notification","2947"
"cppcheck","2951"
"remote-file","2951"
"quality-gates","2970"
"depgraph-view","2971"
"hashicorp-vault-pipeline","2982"
"blueocean-executor-info","2994"
"ansible-tower","3000"
"bitbucket-oauth","3042"
"gatling","3064"
"nvm-wrapper","3073"
"email-ext-recipients-column","3119"
"customizable-header","3130"
"xtrigger-api","3130"
"splunk-devops","3145"
"datadog","3148"
"repository-connector","3161"
"show-build-parameters","3195"
"repo","3197"
"influxdb","3245"
"jfrog","3295"
"github-checks","3296"
"jira-trigger","3312"
"checkstyle","3341"
"gitee","3356"
"convert-to-pipeline","3360"
"next-executions","3387"
"scp","3409"
"hudson-wsclean-plugin","3427"
"webhook-step","3428"
"workflow-cps-global-lib-http","3461"
"aws-secrets-manager-credentials-provider","3467"
"folder-auth","3518"
"material-theme","3560"
"sectioned-view","3563"
"publish-over-cifs","3568"
"aws-global-configuration","3569"
"git-push","3583"
"artifactdeployer","3590"
"logstash","3590"
"kubernetes-pipeline-devops-steps","3591"
"bitbucket-pullrequest-builder","3592"
"buildtriggerbadge","3596"
"async-http-client","3622"
"maven-artifact-choicelistprovider","3668"
"versioncolumn","3678"
"maven-info","3697"
"notification","3720"
"gitlab-hook","3757"
"purge-build-queue-plugin","3792"
"atlassian-jira-software-cloud","3793"
"mail-watcher-plugin","3803"
"shiningpanda","3812"
"managed-scripts","3887"
"join","3894"
"adoptopenjdk","3961"
"gitea","3990"
"pipeline-aggregator-view","4031"
"amazon-ecs","4064"
"support-core","4113"
"custom-tools-plugin","4118"
"persistent-parameter","4123"
"dynamic_extended_choice_parameter","4126"
"xcode-plugin","4178"
"dependency-track","4180"
"checkmarx","4210"
"claim","4220"
"periodicbackup","4261"
"list-git-branches-parameter","4327"
"database","4358"
"purge-job-history","4414"
"categorized-view","4426"
"PrioritySorter","4460"
"junit-attachments","4488"
"folder-properties","4500"
"bitbucket-build-status-notifier","4560"
"nunit","4653"
"pyenv-pipeline","4702"
"mstest","4707"
"azure-commons","4802"
"terraform","4808"
"google-login","4840"
"docker-slaves","4843"
"configuration-as-code-groovy","4876"
"date-parameter","4910"
"bitbucket-push-and-pull-request","4943"
"gitlab-logo","4980"
"nexus-jenkins-plugin","4998"
"JDK_Parameter_Plugin","5000"
"login-theme","5060"
"build-environment","5073"
"xvfb","5102"
"backup","5111"
"golang","5131"
"multibranch-scan-webhook-trigger","5288"
"azure-ad","5301"
"pipeline-githubnotify-step","5365"
"jira-steps","5430"
"preSCMbuildstep","5491"
"docker-compose-build-step","5508"
"global-slack-notifier","5509"
"sonar-quality-gates","5552"
"versionnumber","5566"
"oic-auth","5575"
"plot","5651"
"job-restrictions","5760"
"global-build-stats","5808"
"startup-trigger-plugin","5840"
"flatpickr-api","5849"
"azure-credentials","5918"
"ssh2easy","5919"
"schedule-build","6124"
"flexible-publish","6224"
"skip-certificate-check","6232"
"p4","6319"
"dingding-notifications","6391"
"build-failure-analyzer","6421"
"gitlab-merge-request-jenkins","6464"
"sidebar-link","6478"
"discard-old-build","6579"
"ruby-runtime","6582"
"scriptler","6748"
"pipeline-npm","6756"
"gerrit-trigger","6774"
"kubernetes-credentials-provider","6792"
"file-parameters","6814"
"swarm","6844"
"extra-columns","6888"
"permissive-script-security","6943"
"publish-over-ftp","6953"
"strict-crumb-issuer","6986"
"delivery-pipeline-plugin","7371"
"git-changelog","7481"
"stashNotifier","7506"
"testng-plugin","7536"
"text-finder","7556"
"parameter-separator","7605"
"test-results-analyzer","7639"
"nested-view","7642"
"configurationslicing","7701"
"github-organization-folder","7733"
"validating-string-parameter","7861"
"atlassian-bitbucket-server-integration","7936"
"nexus-artifact-uploader","7955"
"s3","8011"
"plugin-usage-plugin","8037"
"robot","8304"
"analysis-core","8375"
"amazon-ecr","8632"
"ghprb","8678"
"docker-build-publish","8697"
"next-build-number","8703"
"hidden-parameter","8851"
"file-operations","8893"
"disk-usage","9071"
"m2release","9074"
"pipeline-multibranch-defaults","9106"
"promoted-builds","9196"
"hashicorp-vault-plugin","9359"
"audit-trail","9694"
"azure-sdk","9773"
"dependency-check-jenkins-plugin","9798"
"jquery-ui","9821"
"description-setter","9839"
"pipeline-github","10098"
"cucumber-reports","10346"
"build-token-root","10390"
"saferestart","10853"
"log-parser","10874"
"kubernetes-cli","11152"
"ec2","11217"
"aws-java-sdk-autoscaling","11236"
"python","11277"
"naginator","11302"
"cloudbees-disk-usage-simple","11458"
"deploy","11506"
"performance","11587"
"postbuildscript","11597"
"google-oauth-plugin","11632"
"gitlab-branch-source","11636"
"view-job-filters","11829"
"basic-branch-build-strategies","11873"
"build-blocker-plugin","12138"
"translation","12606"
"github-oauth","12794"
"github-pullrequest","13180"
"build-with-parameters","13425"
"dtkit-api","13512"
"aws-java-sdk-api-gateway","13620"
"aws-java-sdk-codedeploy","13621"
"aws-java-sdk-cloudfront","13626"
"aws-java-sdk-elasticloadbalancingv2","13627"
"aws-java-sdk-lambda","13627"
"aws-java-sdk-organizations","13627"
"docker-build-step","13709"
"greenballs","13741"
"embeddable-build-status","13773"
"oauth-credentials","13825"
"build-monitor-plugin","13867"
"gitlab-oauth","14387"
"xunit","14438"
"pipeline-aws","14475"
"jenkins-multijob-plugin","14625"
"Parameterized-Remote-Trigger","14630"
"build-timestamp","14664"
"coverage","14731"
"node-iterator-api","15260"
"allure-jenkins-plugin","15370"
"extensible-choice-parameter","15721"
"job-import-plugin","15812"
"ivy","15998"
"aws-java-sdk-secretsmanager","16162"
"aws-java-sdk-kinesis","16770"
"cvs","17309"
"postbuild-task","17465"
"prometheus","17524"
"groovy-postbuild","17567"
"cobertura","17713"
"pipeline-maven-api","17771"
"saml","17801"
"icon-shim","17870"
"multiple-scms","18016"
"nodelabelparameter","18237"
"h2-api","18370"
"built-on-column","18655"
"msbuild","18780"
"parameterized-scheduler","18929"
"Office-365-Connector","19002"
"commons-httpclient3-api","19117"
"monitoring","19291"
"powershell","19356"
"build-pipeline-plugin","19503"
"ansible","19615"
"badge","19649"
"jacoco","19776"
"code-coverage-api","19823"
"throttle-concurrents","19832"
"aws-java-sdk-efs","19852"
"mask-passwords","20268"
"extended-read-permission","20432"
"emailext-template","20506"
"artifactory","20884"
"warnings-ng","20962"
"aws-java-sdk-logs","21721"
"aws-java-sdk-codebuild","21729"
"aws-java-sdk-ssm","21746"
"analysis-model-api","22103"
"aws-java-sdk-sns","22144"
"gitlab-api","22173"
"aws-java-sdk-sqs","22179"
"aws-java-sdk-ecs","22240"
"bitbucket","22463"
"ssh-steps","22986"
"simple-theme-plugin","23652"
"authorize-project","23757"
"aws-java-sdk-cloudformation","23955"
"aws-java-sdk-elasticbeanstalk","23987"
"aws-java-sdk-iam","24033"
"jnr-posix-api","24583"
"locale","24738"
"blueocean-jira","25066"
"commons-compress-api","25820"
"aws-java-sdk","25983"
"aws-java-sdk-ecr","25994"
"groovy","27123"
"pipeline-maven","27279"
"thinBackup","29714"
"http_request","29777"
"dashboard-view","30892"
"active-directory","31449"
"build-name-setter","31465"
"forensics-api","32286"
"extended-choice-parameter","32576"
"generic-webhook-trigger","33595"
"ssh","34622"
"jobConfigHistory","34873"
"aws-java-sdk-ec2","35088"
"build-user-vars-plugin","35243"
"aws-java-sdk-minimal","36231"
"aws-credentials","36265"
"kubernetes","36490"
"jira","37587"
"job-dsl","37930"
"cloud-stats","38686"
"configuration-as-code","38767"
"blueocean-autofavorite","39003"
"uno-choice","39033"
"slack","39090"
"kubernetes-credentials","39288"
"kubernetes-client-api","39915"
"pipeline-model-declarative-agent","39978"
"copyartifact","44109"
"docker-plugin","44752"
"rebuild","45461"
"mercurial","45629"
"apache-httpcomponents-client-5-api","47539"
"prism-api","47699"
"ansicolor","47786"
"docker-java-api","49557"
"sonar","52019"
"gitlab-plugin","53361"
"envinject","53634"
"envinject-api","56094"
"blueocean","57807"
"conditional-buildstep","58275"
"git-parameter","58317"
"localization-zh-cn","58432"
"localization-support","59299"
"blueocean-events","59834"
"blueocean-bitbucket-pipeline","60345"
"pipeline-utility-steps","60404"
"blueocean-pipeline-editor","60405"
"blueocean-config","60715"
"blueocean-personalization","60837"
"blueocean-display-url","60937"
"blueocean-i18n","61058"
"publish-over-ssh","61483"
"blueocean-github-pipeline","62027"
"ssh-agent","62251"
"blueocean-dashboard","62719"
"blueocean-git-pipeline","62915"
"jquery-detached","63020"
"run-condition","63428"
"nodejs","64773"
"sse-gateway","65403"
"blueocean-pipeline-api-impl","65716"
"blueocean-rest-impl","66490"
"data-tables-api","67076"
"pipeline-graph-view","67128"
"publish-over","67230"
"blueocean-pipeline-scm-api","67376"
"blueocean-jwt","67411"
"blueocean-web","67832"
"blueocean-core-js","68024"
"bootstrap4-api","68796"
"windows-slaves","69536"
"parameterized-trigger","69807"
"jersey2-api","70134"
"jenkins-design-language","70229"
"blueocean-rest","70443"
"blueocean-commons","70778"
"cloudbees-bitbucket-branch-source","70851"
"popper-api","71922"
"pubsub-light","72673"
"favorite","72879"
"jquery","75200"
"external-monitor-job","76912"
"subversion","77845"
"dark-theme","81940"
"handy-uri-templates-2-api","82361"
"mapdb-api","83717"
"theme-manager","85394"
"role-strategy","88319"
"popper2-api","89463"
"workflow-cps-global-lib","89592"
"htmlpublisher","94666"
"handlebars","96741"
"lockable-resources","101284"
"docker-workflow","105161"
"config-file-provider","106941"
"momentjs","107545"
"metrics","113248"
"ace-editor","115475"
"docker-commons","119412"
"git-server","119838"
"maven-plugin","123735"
"eddsa-api","127332"
"javadoc","135483"
"asm-api","142876"
"authentication-tokens","150397"
"joda-time-api","152431"
"json-api","153868"
"json-path-api","159840"
"gson-api","165049"
"sshd","194354"
"jsch","194680"
"pipeline-stage-view","196345"
"pipeline-rest-api","200088"
"jdk-tool","201368"
"command-launcher","201395"
"pipeline-github-lib","205085"
"commons-text-api","209086"
"pipeline-groovy-lib","209841"
"javax-mail-api","210645"
"instance-identity","210781"
"jjwt-api","211583"
"ionicons-api","212880"
"commons-lang3-api","213653"
"gradle","214556"
"mina-sshd-api-core","216937"
"jakarta-mail-api","218025"
"jakarta-activation-api","218066"
"mina-sshd-api-common","218849"
"build-timeout","223740"
"ant","227455"
"email-ext","229279"
"github-branch-source","229291"
"okhttp-api","231605"
"pam-auth","232395"
"github","234051"
"ldap","235240"
"javax-activation-api","235450"
"ws-cleanup","235938"
"timestamper","236479"
"variant","236601"
"bootstrap5-api","236695"
"jaxb","237258"
"github-api","237716"
"resource-disposer","238762"
"ssh-slaves","241861"
"checks-api","245005"
"caffeine-api","245031"
"workflow-aggregator","245907"
"echarts-api","247176"
"font-awesome-api","247323"
"jquery3-api","248381"
"plugin-util-api","248574"
"pipeline-graph-analysis","250861"
"pipeline-model-definition","252673"
"matrix-auth","252990"
"snakeyaml-api","253260"
"pipeline-model-extensions","254641"
"pipeline-milestone-step","255110"
"pipeline-build-step","256372"
"pipeline-model-api","256607"
"pipeline-stage-tags-metadata","256704"
"workflow-multibranch","257716"
"pipeline-input-step","257796"
"pipeline-stage-step","258587"
"workflow-basic-steps","259056"
"branch-api","260164"
"antisamy-markup-formatter","260603"
"workflow-durable-task-step","261053"
"trilead-api","261221"
"workflow-cps","261738"
"durable-task","262893"
"workflow-job","263678"
"cloudbees-folder","264244"
"git","264503"
"token-macro","264673"
"credentials-binding","265778"
"matrix-project","265994"
"git-client","266825"
"plain-credentials","267589"
"jackson2-api","268179"
"junit","268395"
"workflow-support","269273"
"apache-httpcomponents-client-4-api","269613"
"workflow-scm-step","270138"
"workflow-api","270763"
"ssh-credentials","271703"
"display-url-api","271975"
"bouncycastle-api","272233"
"credentials","272464"
"mailer","272602"
"workflow-step-api","272679"
"scm-api","272742"
"structs","273044"
"script-security","273465"
